season,week,n_contestants,actual_method,judge_weight_rank,vote_weight_rank,judge_corr_rank,vote_corr_rank,judge_weight_pct,vote_weight_pct,judge_pct_var,vote_pct_var,weight_difference,marginal_impact_rank,marginal_impact_pct,marginal_diff,reversal_threshold_rank,reversal_threshold_pct,threshold_diff
1,1,6,rank,0.4635477359646617,0.5364522640353383,0.5443310539518175,0.629940788348712,0.13412943143554895,0.865870568564451,0.0005166979958654681,0.0033355362000336286,-0.32941830452911275,0.0,0.9415678407100003,0.9415678407100003,0.13922500610351562,0.10719108581542969,0.03203392028808594
1,2,6,rank,0.4999999999440983,0.5000000000559017,0.447213595499958,0.447213595499958,0.2417505895608885,0.7582494104391115,0.0011250749417522712,0.003528791340935099,-0.2582494103832098,0.0,0.9478599847788732,0.9478599847788732,0.10339546203613281,0.13811492919921875,-0.03471946716308594
1,3,5,rank,0.49999999996464467,0.5000000000353553,0.7071067811865475,0.7071067811865475,0.35364246462850274,0.6463575353714972,0.0017586329654648194,0.0032142792438989405,-0.14635753533614193,0.0,0.9018702661585415,0.9018702661585415,0.15761280059814453,0.23848724365234375,-0.08087444305419922
1,4,4,rank,0.4999999999209431,0.500000000079057,0.3162277660168379,0.3162277660168379,0.05502647819853087,0.9449735218014691,0.0007679584120966293,0.013188202907609362,-0.4449735217224122,0.0,0.911897436398354,0.911897436398354,0.15432167053222656,0.11971187591552734,0.03460979461669922
2,1,10,rank,0.49944061668481504,0.5005593833151849,0.7580891399361069,0.7597872893343116,0.35424229716917954,0.6457577028308205,0.00040631163708045113,0.0007406761870815364,-0.1451983195156355,0.0,0.9734512742501478,0.9734512742501478,0.07671356201171875,0.08992195129394531,-0.013208389282226562
2,2,9,rank,0.49863055686730107,0.5013694431326989,0.6562639849136124,0.6598687226099635,0.30363467832362157,0.6963653216763784,0.0003987654320983668,0.0009145410845897058,-0.1949958785436795,0.0,0.9621715105999864,0.9621715105999864,0.071136474609375,0.08633995056152344,-0.015203475952148438
2,3,8,rank,0.4958689448007091,0.5041310551992909,0.6439885514164057,0.6547186132874443,0.2406765415497115,0.7593234584502885,0.0005415257819098024,0.0017084889239492504,-0.25519240325099757,0.0,0.9720676883689147,0.9720676883689147,0.09123039245605469,0.09363842010498047,-0.0024080276489257812
2,4,7,rank,0.4994589882216269,0.5005410117783731,0.8969787333857292,0.8989219401201474,0.5409438702997054,0.45905612970029464,0.0015777822104627046,0.0013389384383805123,0.04148488207807849,0.0,0.9414998817389081,0.9414998817389081,0.09385108947753906,0.19914722442626953,-0.10529613494873047
2,5,6,rank,0.49999999997153627,0.5000000000284637,0.8783100656536799,0.8783100656536799,0.15719459600783894,0.8428054039921611,0.0003130954295372764,0.0016786741463214472,-0.3428054039636973,0.0,0.9170008421718112,0.9170008421718112,0.09930419921875,0.08741092681884766,0.011893272399902344
2,6,5,rank,0.49042828938082056,0.5095717106191795,0.7462025072446364,0.7753298418327284,0.1252530738759208,0.8747469261240792,0.0005562779128263447,0.003884953612174804,-0.36517521550489973,0.0,0.9190773656212861,0.9190773656212861,0.14201068878173828,0.15261459350585938,-0.010603904724121094
2,7,4,rank,0.47465413799908535,0.5253458620009146,0.5547001962252293,0.6139406135149205,0.10250435254697182,0.8974956474530282,0.0008169934640506865,0.007153335926848791,-0.3721497854521135,0.0,0.8898001559974889,0.8898001559974889,0.18222522735595703,0.15610313415527344,0.026122093200683594
3,1,11,percent,0.4999141686710438,0.5000858313289562,0.9320530871812984,0.9323731394428594,0.5153678606851856,0.4846321393148144,0.00035232090476563534,0.00033130894510594174,0.015453692014141762,0.0,0.9516834879353308,0.9516834879353308,0.03175640106201172,0.04180145263671875,-0.010045051574707031
3,2,10,percent,0.4974848121017266,0.5025151878982734,0.7736516630075193,0.7814745320803683,0.2549586049343211,0.7450413950656789,0.00014366729678626445,0.00041982524086475346,-0.24252620716740553,0.0,0.9467787080252865,0.9467787080252865,0.03327178955078125,0.006691932678222656,0.026579856872558594
3,3,9,percent,0.49734713197851577,0.5026528680214842,0.9002072476296863,0.9098107251266911,0.2224754632950706,0.7775245367049294,0.00015558511672758349,0.0005437508557687797,-0.27487166868344515,0.0,0.9471618696793984,0.9471618696793984,0.004773139953613281,0.03336906433105469,-0.028595924377441406
3,4,8,percent,0.4981616041984842,0.5018383958015158,0.8733260632194672,0.8797718387651442,0.22773483772190534,0.7722651622780947,0.00020884348535842585,0.0007082031319885776,-0.2704267664765789,0.0,0.9328340041058938,0.9328340041058938,0.029399871826171875,0.020259857177734375,0.0091400146484375
3,5,7,percent,0.4421589349433562,0.5578410650566439,0.4992301766027062,0.6298438669252061,0.05980795959177558,0.9401920404082245,5.6064671221132546e-05,0.0008813467640294732,-0.3823509753515806,0.0,0.919496053519811,0.919496053519811,0.0387725830078125,0.022104263305664062,0.016668319702148438
3,7,5,percent,0.4976388493680758,0.5023611506319242,0.8508319756478696,0.8589058727506839,0.0563271747504497,0.9436728252495503,0.00023593964334670138,0.0039527958783492495,-0.4413116746176261,0.0,0.9252501600163859,0.9252501600163859,0.16049480438232422,0.19513511657714844,-0.03464031219482422
3,8,4,percent,0.4996532591699342,0.5003467408300658,0.9863939238321439,0.9877629653290689,0.006681934754380052,0.9933180652456199,4.734449962115717e-05,0.00703810315787491,-0.49297132441555414,0.0,0.8946704932475374,0.8946704932475374,0.19313812255859375,0.1861886978149414,0.006949424743652344
4,1,11,percent,0.4997487991765801,0.5002512008234199,0.9048832677457064,0.905792954361637,0.40756075138880893,0.5924392486111911,0.0002446075334443897,0.00035556677640950844,-0.09218804778777118,0.0,0.953706298695077,0.953706298695077,0.012939453125,0.0073604583740234375,0.0055789947509765625
4,2,11,percent,0.4986971676296495,0.5013028323703506,0.9092623498732061,0.9140131945722105,0.2142977953588482,0.7857022046411518,0.00010932084083413625,0.00040081422248415717,-0.2843993722708013,0.0,0.9517188024577433,0.9517188024577433,0.001346588134765625,0.022828102111816406,-0.02148151397705078
4,3,10,percent,0.49129975270161497,0.508700247298385,0.7352902660570532,0.7613322377496868,0.24683163111562345,0.7531683688843765,0.0001254103189966024,0.00038267000177352316,-0.24446812158599152,0.0,0.9469486885450975,0.9469486885450975,0.0007658004760742188,0.017423629760742188,-0.01665782928466797
4,4,9,percent,0.49966184607784403,0.500338153922156,0.9274643719430122,0.9287197237074554,0.4646735137151846,0.5353264862848154,0.0005321295441326773,0.0006130390139174972,-0.03498833236265941,0.0,0.948071717164696,0.948071717164696,0.04858684539794922,0.04858684539794922,0.0
4,5,8,percent,0.4999999999733643,0.5000000000266357,0.938590635448906,0.938590635448906,0.5316583477272409,0.46834165227275915,0.0009523502066104883,0.0008389320285237978,0.03165834775387655,0.0,0.9423656246110662,0.9423656246110662,0.06993484497070312,0.09345626831054688,-0.02352142333984375
4,6,7,percent,0.4991466839873446,0.5008533160126554,0.8501502839876024,0.8530570320390479,0.24365733139164997,0.7563426686083501,0.0003728550243622478,0.0011573882803105548,-0.2554893525956946,0.0,0.9355643809010036,0.9355643809010036,0.017606735229492188,0.04688835144042969,-0.0292816162109375
4,7,6,percent,0.49902095866065466,0.5009790413393453,0.9375715460914991,0.9412504347687607,0.2329521745634767,0.7670478254365233,0.0006100690189663349,0.0020087903963377316,-0.26606878409717793,0.0,0.9321365514902327,0.9321365514902327,0.11145496368408203,0.08683395385742188,0.024621009826660156
4,8,5,percent,0.4999999999728837,0.5000000000271163,0.9219544457292885,0.9219544457292885,0.20591598625269533,0.7940840137473046,0.0007961778384457399,0.003070339921263748,-0.29408401372018833,0.0,0.9082543321629694,0.9082543321629694,0.12016868591308594,0.16182804107666016,-0.04165935516357422
4,9,4,percent,0.49703546888421474,0.5029645311157853,0.8980265101338746,0.9087389347953037,0.0016774911478760117,0.998322508852124,1.223984760274955e-05,0.007284279988283215,-0.4953579777363387,0.0,0.896631084705718,0.896631084705718,0.21358108520507812,0.19334983825683594,0.020231246948242188
5,1,12,percent,0.49594605258651714,0.5040539474134829,0.830759202975282,0.844340737014184,0.34488701277759415,0.6551129872224059,0.0001197553668067052,0.00022747525621252126,-0.151059039808923,0.0,0.9555205363861285,0.9555205363861285,0.04181098937988281,0.045932769775390625,-0.0041217803955078125
5,2,11,percent,0.4960857825564504,0.5039142174435496,0.8606922442084083,0.8742743168638395,0.37478244541723243,0.6252175545827676,0.00018383629582104227,0.0003066782962862244,-0.12130333713921798,0.0,0.9555982053891743,0.9555982053891743,0.008049964904785156,0.010637283325195312,-0.0025873184204101562
5,3,10,percent,0.49920810599412324,0.5007918940058768,0.9091946833163328,0.9120791949510109,0.3063640254496095,0.6936359745503905,0.0001696398872567338,0.00038408000975589197,-0.19284408054451374,0.0,0.9511366742091444,0.9511366742091444,0.04876518249511719,0.04890632629394531,-0.000141143798828125
5,4,9,percent,0.49763334572707607,0.5023666542729239,0.8815770975722391,0.8899623402329826,0.18063802057232303,0.819361979427677,8.92849895698136e-05,0.0004049906409044698,-0.31699532515475304,0.0,0.9313770052720896,0.9313770052720896,0.02746868133544922,0.023096084594726562,0.004372596740722656
5,5,8,percent,0.49967881124791336,0.5003211887520866,0.9499893024643741,0.9512105904065551,0.19562628008584826,0.8043737199141517,0.00019846405393783245,0.0008160419433551225,-0.3040525311620651,0.0,0.9444945435556642,0.9444945435556642,0.06802082061767578,0.06802082061767578,0.0
5,6,7,percent,0.4992936992172663,0.5007063007827337,0.871273668414036,0.8737386754829259,0.18181033003384706,0.8181896699661529,0.00020912068531092926,0.0009410926556525071,-0.31748336918341924,0.0,0.9263974582702617,0.9263974582702617,0.012343406677246094,0.04691600799560547,-0.034572601318359375
5,7,6,percent,0.49962335681753955,0.5003766431824604,0.9510365861707394,0.9524704719832527,0.008449302655113747,0.9915506973448862,1.712141135215861e-05,0.0020092482437655927,-0.4911740541624258,0.0,0.9291565807384494,0.9291565807384494,0.11054420471191406,0.10061073303222656,0.0099334716796875
5,8,5,percent,0.4999999999627322,0.5000000000372677,0.6708203932499369,0.6708203932499369,0.0454194911296159,0.9545805088703841,0.00015382613598553997,0.003232960629295679,-0.4545805088331163,0.0,0.9103591426341789,0.9103591426341789,0.11653614044189453,0.121490478515625,-0.004954338073730469
5,9,4,percent,0.49141806306932345,0.5085819369306765,0.7645528515426075,0.7912565680749445,0.007290731491094521,0.9927092685089055,5.022280663297705e-05,0.006838359767728735,-0.48412733157822896,0.0,0.8882306397070105,0.8882306397070105,0.1854419708251953,0.16262245178222656,0.02281951904296875
6,1,12,percent,0.49939877735489563,0.5006012226451044,0.885343318795861,0.8874750357768328,0.45295969819959553,0.5470403018004044,0.00023179901437769877,0.0002799440170731641,-0.0464390791553001,0.0,0.9634123673222291,0.9634123673222291,0.014627456665039062,0.025160789489746094,-0.010533332824707031
6,2,12,percent,0.4998314893299842,0.5001685106700158,0.9413024394106119,0.941937131234345,0.42514701200689087,0.5748529879931091,0.0002459243221781242,0.0003325209513815944,-0.07468447732309336,50.0,0.9516299324845622,-49.048370067515435,0.025156021118164062,0.015168190002441406,0.009987831115722656
6,3,10,percent,0.4943711832011999,0.5056288167988001,0.7537741781328414,0.7709388385169017,0.2663208902772022,0.7336791097227978,0.000118497999384322,0.00032644634061429186,-0.2280502929239977,0.0,0.948157466845731,0.948157466845731,0.034160614013671875,0.034160614013671875,0.0
6,4,9,percent,0.4987232657561481,0.5012767342438519,0.8957216704989845,0.9003077749912873,0.24672734112201095,0.753272658877989,0.00019753086419735516,0.0006030729060468944,-0.25199592463413717,0.0,0.9535948935491534,0.9535948935491534,0.05431175231933594,0.0685586929321289,-0.014246940612792969
6,5,8,percent,0.49862611996226897,0.501373880037731,0.8264262318230658,0.830980387460615,0.19348516855819514,0.8065148314418049,0.00018221574344004746,0.0007595397691367472,-0.3051409514040738,0.0,0.946543439072961,0.946543439072961,0.07619571685791016,0.07738590240478516,-0.001190185546875
6,6,7,percent,0.4991466839873446,0.5008533160126554,0.8501502839876024,0.8530570320390479,0.18299255525955682,0.8170074447404432,0.00023557571176592625,0.0010517755311987393,-0.31615412872778775,0.0,0.9357835979457607,0.9357835979457607,0.08999156951904297,0.1059713363647461,-0.015979766845703125
6,7,6,percent,0.4956863745188761,0.5043136254811239,0.6698105143372366,0.681468335999936,0.052678261715289575,0.9473217382847104,8.640462500381558e-05,0.001553828308326081,-0.44300811280358654,0.0,0.9212327987685189,0.9212327987685189,0.10330486297607422,0.09457588195800781,0.008728981018066406
6,8,5,percent,0.4999999999689913,0.5000000000310088,0.806225774829855,0.806225774829855,0.027601056717215917,0.9723989432827841,8.192007182021419e-05,0.0028860847368149417,-0.4723989432517754,0.0,0.906630834131017,0.906630834131017,0.0024938583374023438,0.11828804016113281,-0.11579418182373047
6,9,4,percent,0.4999999999701193,0.5000000000298808,0.8366600265340756,0.8366600265340756,0.011576616707879258,0.9884233832921208,7.23140495866455e-05,0.006174247467800862,-0.48842338326224005,0.0,0.8859253523015642,0.8859253523015642,0.18820571899414062,0.19701099395751953,-0.008805274963378906
7,1,13,percent,0.49986186121921855,0.5001381387807815,0.9620293483185844,0.9625610693662174,0.5025981950868447,0.49740180491315533,0.0001460561213307307,0.00014454593911971317,0.0027363338676261173,50.0,0.9400208660271581,-49.059979133972845,0.007061958312988281,0.012463569641113281,-0.005401611328125
7,2,11,percent,0.4993375632914404,0.5006624367085596,0.9002811968199644,0.9026698786723831,0.43640050524285606,0.5635994947571439,0.00017665689018541615,0.0002281475140786358,-0.06293705804858435,0.0,0.9462878647093116,0.9462878647093116,0.006079673767089844,0.015302658081054688,-0.009222984313964844
7,3,9,percent,0.49958830589189324,0.5004116941081067,0.913655873738613,0.9151617004789102,0.2913608058805906,0.7086391941194095,0.00025501288937371827,0.0006202347592140964,-0.20822750001130264,0.0,0.9516327558652282,0.9516327558652282,0.05940818786621094,0.06968402862548828,-0.010275840759277344
7,4,9,percent,0.4972807006744259,0.502719299325574,0.8090256967113753,0.8178737497469811,0.20014491516717225,0.7998550848328277,0.00014619843621584505,0.0005842643690932002,-0.29713578550725367,0.0,0.9482072680901898,0.9482072680901898,0.0625152587890625,0.07600784301757812,-0.013492584228515625
7,5,8,percent,0.49796152838000307,0.5020384716199969,0.7691066286017516,0.7754035086653924,0.27487504455309236,0.7251249554469077,0.00024942472057831104,0.0006579864760122545,-0.2230864838269107,0.0,0.9311446013839805,0.9311446013839805,0.015999794006347656,0.03348255157470703,-0.017482757568359375
7,6,7,percent,0.4994274245966718,0.5005725754033282,0.891896981712967,0.8939420366054674,0.2779321527047264,0.7220678472952736,0.0005404974489789162,0.0014042124952495319,-0.2214952718919454,0.0,0.9423511180652613,0.9423511180652613,0.09818840026855469,0.1334381103515625,-0.03524971008300781
7,7,6,percent,0.49677374330408264,0.5032262566959174,0.7226060813133303,0.7319918941302609,0.15888745694142556,0.8411125430585744,0.00038178536720758865,0.0020210811564827587,-0.33788628636265705,0.0,0.9303500655925514,0.9303500655925514,0.10834121704101562,0.0912485122680664,0.01709270477294922
7,8,5,percent,0.4928953346590195,0.5071046653409805,0.6788828577642428,0.6984538909891173,0.04054501056772253,0.9594549894322775,0.00013533256439809607,0.003202502558805248,-0.452350324091297,0.0,0.9099624791240768,0.9099624791240768,0.13850688934326172,0.13850688934326172,0.0
7,9,4,percent,0.4996532591699342,0.5003467408300658,0.9863939238321439,0.9877629653290689,0.05527220191489218,0.9447277980851079,0.0004130467067638621,0.00705990871977494,-0.444381057255042,0.0,0.892186348794452,0.892186348794452,0.1774911880493164,0.189727783203125,-0.012236595153808594
8,1,13,percent,0.4999041174583184,0.5000958825416816,0.956464657697028,0.9568315610059251,0.46859989515520245,0.5314001048447976,0.00018337994490770368,0.00020795581923491933,-0.03130422230311597,50.0,0.9548980051051315,-49.04510199489487,0.006953239440917969,0.002826690673828125,0.004126548767089844
8,2,13,percent,0.4996814256925362,0.5003185743074638,0.9305599751300148,0.9317465410474316,0.5018356975058732,0.4981643024941268,0.0001873942800085374,0.00018602321650739052,0.0021542718133369942,0.0,0.9540927701799692,0.9540927701799692,0.01216888427734375,0.008698463439941406,0.0034704208374023438
8,3,12,percent,0.49951355116485935,0.5004864488351406,0.9042342618084706,0.9059954299583619,0.6382551884703022,0.36174481152969784,0.00043873698858474283,0.0002486634943016384,0.1387416373054428,50.0,0.9458940205394388,-49.05410597946056,0.02584552764892578,0.018100738525390625,0.007744789123535156
8,4,11,percent,0.49991003083640434,0.5000899691635956,0.9626064376441742,0.9629529194738197,0.5704367365955388,0.42956326340446116,0.0005433061576763118,0.00040913267695271154,0.0705267057591345,0.0,0.9638946573998913,0.9638946573998913,0.04873466491699219,0.05814933776855469,-0.0094146728515625
8,5,9,percent,0.4997055454292244,0.5002944545707756,0.8828461910126836,0.8838866360252637,0.3031708814870565,0.6968291185129435,0.000241874527588583,0.0005559411995851408,-0.1965346639421679,0.0,0.9426985127515997,0.9426985127515997,0.011814117431640625,0.028934478759765625,-0.017120361328125
8,6,8,percent,0.4995665124376064,0.5004334875623936,0.8798340838316451,0.8813609960558919,0.38720040512471293,0.6127995948752871,0.00048235345126552363,0.0007633926950746963,-0.11236610731289348,0.0,0.9410120232358876,0.9410120232358876,0.0641489028930664,0.08136558532714844,-0.01721668243408203
8,7,7,percent,0.49805054345305205,0.501949456546948,0.7292848407276834,0.734993936325038,0.14608387313170382,0.8539161268682962,0.0001897631410973125,0.0011092380588355627,-0.3519666703213482,0.0,0.936804336776248,0.936804336776248,0.09504222869873047,0.10879325866699219,-0.013751029968261719
8,8,6,percent,0.49919854849311385,0.5008014515068862,0.9034608684741877,0.9063618386459845,0.0686388521203,0.9313611478797,0.00010615275038338357,0.0014403874413647178,-0.4305596963728138,0.0,0.9159329031742963,0.9159329031742963,0.08963203430175781,0.07870292663574219,0.010929107666015625
8,9,5,percent,0.49821421365782786,0.5017857863421722,0.88121024316907,0.8875274181864956,0.08371537338538186,0.9162846266146182,0.0002334160950493774,0.0025547944478734176,-0.414498840272446,0.0,0.8998849104801032,0.8998849104801032,0.00081634521484375,0.09395980834960938,-0.09314346313476562
8,10,4,percent,0.499999999975,0.500000000025,1.0,1.0,0.05567715322094085,0.9443228467790592,0.00038963949875869683,0.00660855402677582,-0.44432284675405914,0.0,0.889685391293038,0.889685391293038,0.1797924041748047,0.21412086486816406,-0.034328460693359375
9,1,16,percent,0.4998921558978437,0.5001078441021563,0.9338329192265478,0.9342358395226764,0.5855430797584317,0.4144569202415683,0.00016142861530630826,0.0001142617007992093,0.08565092386058798,100.0,0.9588240372346165,-99.04117596276538,0.01961803436279297,0.0039196014404296875,0.01569843292236328
9,2,14,percent,0.49909668097032567,0.5009033190296743,0.9151167485177459,0.918429302497259,0.34858792815295764,0.6514120718470424,0.00010247053145838347,0.00019148829018683254,-0.15050875281736803,0.0,0.9629765980480154,0.9629765980480154,0.013329505920410156,0.013329505920410156,0.0
9,3,13,percent,0.49986717134363684,0.5001328286563631,0.9411370369729497,0.9416372096197965,0.47621696821415505,0.523783031785845,0.00020765706999413918,0.0002283984178041429,-0.023650203129481795,50.0,0.9551814287669963,-49.044818571233,0.01591014862060547,5.7220458984375e-05,0.015852928161621094
9,4,11,percent,0.49943315342471645,0.5005668465752835,0.866034515381434,0.8680003787638843,0.5549226899202239,0.44507731007977613,0.0003259836946057871,0.00026145604255900924,0.05548953649550742,0.0,0.9531585853299079,0.9531585853299079,0.03358936309814453,0.03439044952392578,-0.00080108642578125
9,5,10,percent,0.49779290710723245,0.5022070928927675,0.7935881062140833,0.8006252600951971,0.24063824559387462,0.7593617544061254,9.493887029566639e-05,0.00029959046147177927,-0.25715466151335786,0.0,0.9463171913820179,0.9463171913820179,0.03989124298095703,0.037835121154785156,0.002056121826171875
9,6,9,percent,0.4999999999701193,0.5000000000298808,0.8366600265340756,0.8366600265340756,0.5085167483525281,0.49148325164747186,0.000343346704672165,0.000331845715111157,0.008516748382408845,0.0,0.9346570413726718,0.9346570413726718,0.04616546630859375,0.03817939758300781,0.007986068725585938
9,7,7,percent,0.4986026169390163,0.5013973830609837,0.7833706288447988,0.7877615758037618,0.09698133523080636,0.9030186647691937,0.00011694842789660558,0.0010889374048788036,-0.40162128170820993,0.0,0.9297420410226714,0.9297420410226714,0.07676124572753906,0.08338165283203125,-0.0066204071044921875
9,8,5,percent,0.4976388493680758,0.5023611506319242,0.8508319756478696,0.8589058727506839,0.05581755984946152,0.9441824401505385,0.00016665695472266383,0.002819087129941324,-0.44182128951861427,0.0,0.9029985379385347,0.9029985379385347,0.12793827056884766,0.11899948120117188,0.008938789367675781
9,9,4,percent,0.49999999996772515,0.5000000000322748,0.7745966692414834,0.7745966692414834,0.027779892022027453,0.9722201079779725,0.0002197295384390818,0.007689931718950362,-0.4722201079456977,0.0,0.8993357478515956,0.8993357478515956,0.17789459228515625,0.16695308685302734,0.010941505432128906
10,1,11,percent,0.4986577414592879,0.5013422585407121,0.8233808342889956,0.8278134935671448,0.4749321230592483,0.5250678769407517,0.00023725730554763957,0.0002623030453634508,-0.02372561840003956,0.0,0.9313316066723198,0.9313316066723198,0.02467060089111328,0.005908966064453125,0.018761634826660156
10,2,11,percent,0.49980142728915816,0.5001985727108418,0.8607376681925566,0.8614216157676312,0.4800348306726316,0.5199651693273684,0.0003756574004504474,0.00040690529801163685,-0.019766596616526577,50.0,0.9406183610068022,-49.059381638993194,0.030364990234375,0.037268638610839844,-0.006903648376464844
10,3,10,percent,0.4984823128080873,0.5015176871919127,0.865184179406494,0.8704524863817592,0.3731843571657063,0.6268156428342937,0.0003157077337471714,0.0005302754656197596,-0.125297955642381,0.0,0.9618219166213706,0.9618219166213706,0.0644845962524414,0.07355594635009766,-0.00907135009765625
10,4,9,percent,0.499999999970639,0.500000000029361,0.85146931829632,0.85146931829632,0.4485339994058631,0.551466000594137,0.00034676001381620983,0.00042633627191047957,-0.051466000564775904,0.0,0.9370474024662303,0.9370474024662303,0.051873207092285156,0.049386024475097656,0.0024871826171875
10,5,8,percent,0.4998135158176488,0.5001864841823511,0.9426369176113761,0.9433403273603364,0.4198835130148471,0.580116486985153,0.0006510199137952312,0.0008994574248657412,-0.07993000280280171,0.0,0.941168190761224,0.941168190761224,0.07557010650634766,0.0888833999633789,-0.01331329345703125
10,6,7,percent,0.4999999999721113,0.5000000000278887,0.8964214570007953,0.8964214570007953,0.21746252385160236,0.7825374761483976,0.00033639611829406056,0.0012105191413548466,-0.28253747612050895,0.0,0.929882956529214,0.929882956529214,0.085052490234375,0.0824737548828125,0.0025787353515625
10,7,6,percent,0.4971495947227913,0.5028504052772087,0.8440559381439959,0.8537347209531383,0.013287936317755187,0.9867120636822448,3.245302353041067e-05,0.002409839099607904,-0.4838616584050361,0.0,0.9330732982319817,0.9330732982319817,0.07990074157714844,0.07990074157714844,0.0
10,8,5,percent,0.49871874990885495,0.501281250091145,0.9105766291591556,0.9152553237716281,0.13116867151183606,0.8688313284881639,0.0005349247762025007,0.0035432194705917073,-0.3675500783970189,0.0,0.9116502690561468,0.9116502690561468,0.14956378936767578,0.14966773986816406,-0.00010395050048828125
10,9,4,percent,0.4996532591699342,0.5003467408300658,0.9863939238321439,0.9877629653290689,0.022710272642832097,0.9772897273571679,0.00016152400344555961,0.006950852132008419,-0.4769429865271021,0.0,0.8878161058301248,0.8878161058301248,0.1834583282470703,0.16897869110107422,0.014479637145996094
11,1,12,percent,0.4994929099156592,0.5005070900843408,0.9260518883175008,0.927932162074562,0.546267772185594,0.45373222781440603,0.00020201677156966077,0.0001677958500584161,0.04677486226993477,0.0,0.9540485301210954,0.9540485301210954,0.03214836120605469,0.03214836120605469,0.0
11,2,11,percent,0.49897871116660214,0.5010212888333978,0.8767863816494255,0.8803755212093534,0.42824665487499275,0.5717533451250072,0.0002027154736035714,0.00027064591397826397,-0.07073205629160939,0.0,0.9532358034636464,0.9532358034636464,0.043938636779785156,0.0647134780883789,-0.02077484130859375
11,3,10,percent,0.49936680697245567,0.5006331930275443,0.9367271723570189,0.9391026970454754,0.2467334876010182,0.7532665123989818,0.00012878524190729728,0.0003931755931869701,-0.25263331937143746,0.0,0.9516745861259092,0.9516745861259092,0.04872703552246094,0.05047035217285156,-0.001743316650390625
11,4,9,percent,0.49999999997412253,0.5000000000258775,0.9660917830792958,0.9660917830792958,0.49623615749451644,0.5037638425054836,0.0005423221250852699,0.0005505488140253027,-0.0037638424796060943,0.0,0.9453572792295375,0.9453572792295375,0.048919677734375,0.05759716033935547,-0.008677482604980469
11,5,8,percent,0.49963827929422727,0.5003617207057727,0.8967876363303952,0.8980861222359107,0.21817281122940038,0.7818271887705996,0.00022453508030406447,0.0008046264234668765,-0.28146546806482686,0.0,0.944057362622562,0.944057362622562,0.008952140808105469,0.04580116271972656,-0.036849021911621094
11,6,7,percent,0.4999999999704196,0.5000000000295803,0.8451542547285167,0.8451542547285167,0.2915063279309879,0.708493672069012,0.0003591176132096432,0.0008728199114674507,-0.2084936720394317,0.0,0.9264372062263867,0.9264372062263867,0.00032138824462890625,0.026088714599609375,-0.02576732635498047
11,7,6,percent,0.49677374330408264,0.5032262566959174,0.7226060813133303,0.7319918941302609,0.027000655560603125,0.9729993444393968,4.936099082360073e-05,0.001778779367203787,-0.46977308774347953,0.0,0.9235780777177557,0.9235780777177557,0.10084056854248047,0.09088325500488281,0.009957313537597656
11,8,5,percent,0.4989484225345786,0.5010515774654214,0.9249105602074974,0.92880922000386,0.08329036893520053,0.9167096310647995,0.0002904948380202096,0.003197241300082098,-0.4156580535993781,0.0,0.9086839510996453,0.9086839510996453,0.11705398559570312,0.1128549575805664,0.004199028015136719
11,9,4,percent,0.49999999997204914,0.5000000000279509,0.8944271909999159,0.8944271909999159,0.020955648798212084,0.9790443512017879,0.00012503847337620432,0.0058417761303934295,-0.47904435117383704,0.0,0.8810289628418122,0.8810289628418122,0.16524314880371094,0.14515304565429688,0.020090103149414062
12,1,11,percent,0.4997189265957708,0.5002810734042292,0.9264495330840928,0.9274917201427197,0.43502246280943135,0.5649775371905686,0.0002453358700134126,0.0003186254135643497,-0.06469646378633942,0.0,0.9508968899362591,0.9508968899362591,0.028232574462890625,0.03322410583496094,-0.0049915313720703125
12,2,11,percent,0.49932313149227414,0.5006768685077259,0.9395888482028937,0.9421362089658213,0.32875873419786383,0.6712412658021362,0.00012186965048906623,0.00024882656207100964,-0.1705643972944103,0.0,0.9482060595947639,0.9482060595947639,0.02587127685546875,0.02587127685546875,0.0
12,3,10,percent,0.49729746761101246,0.5027025323889875,0.8123976947228646,0.8212275448663197,0.33252850322079214,0.6674714967792079,0.00016682679710002752,0.00033486482401314855,-0.16476896439022032,0.0,0.9492105995172986,0.9492105995172986,0.049045562744140625,0.07329750061035156,-0.024251937866210938
12,4,9,percent,0.4992369272032047,0.5007630727967953,0.9337405226230031,0.9365949267277186,0.19237984806792088,0.8076201519320791,0.0001227702079179192,0.0005153953271571975,-0.3068570791352838,0.0,0.946358728620364,0.946358728620364,0.04781055450439453,0.04074382781982422,0.0070667266845703125
12,5,8,percent,0.49735430153075405,0.502645698469246,0.9036519915598482,0.913266025895431,0.15066277643900933,0.8493372235609906,0.00011126315230087366,0.000627228065399718,-0.3466915250917447,0.0,0.9376249709038997,0.9376249709038997,0.06422233581542969,0.06422233581542969,0.0
12,6,7,percent,0.4998599504117013,0.5001400495882987,0.9700158965168729,0.9705594499735782,0.1166796364406673,0.8833203635593327,0.00012975560594593805,0.0009823115742081273,-0.38318031397103397,0.0,0.9303740879323299,0.9303740879323299,0.07873249053955078,0.09085273742675781,-0.012120246887207031
12,7,6,percent,0.4926454679315893,0.5073545320684107,0.6966305460192359,0.7174300539794393,0.025710588384998515,0.9742894116150015,4.788294827620209e-05,0.001814499389620108,-0.4669348795465908,0.0,0.9245958252114023,0.9245958252114023,0.015156745910644531,0.08552932739257812,-0.0703725814819336
12,8,5,percent,0.4999999999728837,0.5000000000271163,0.9219544457292885,0.9219544457292885,0.05304274203912408,0.9469572579608759,0.0001479289940826126,0.0026409349124859177,-0.4469572579337596,0.0,0.9013754505242527,0.9013754505242527,0.11174774169921875,0.10027313232421875,0.011474609375
12,9,4,percent,0.499999999975,0.500000000025,1.0,1.0,0.19908898439317219,0.8009110156068278,0.0015516070620163716,0.006241928310303736,-0.3009110155818278,0.0,0.8850915871142284,0.8850915871142284,0.18604373931884766,0.18987369537353516,-0.0038299560546875
13,1,12,percent,0.4997172548908782,0.5002827451091219,0.9068884427728265,0.9079146960959513,0.5042893069828241,0.49571069301717585,0.00014319810477073935,0.00014076201962405757,0.004572052091945944,0.0,0.9469596295668764,0.9469596295668764,0.02639484405517578,0.027276992797851562,-0.0008821487426757812
13,2,11,percent,0.4969764282601402,0.5030235717398598,0.8307787144881704,0.8408875199586778,0.29804620437536505,0.7019537956246349,6.979980253297225e-05,0.00016439131180997254,-0.19893022388477516,0.0,0.9373275732958499,0.9373275732958499,0.00391387939453125,0.00530242919921875,-0.0013885498046875
13,3,10,percent,0.4987129039153034,0.5012870960846967,0.9303836120728189,0.9351859465222703,0.24876891053952987,0.7512310894604701,0.00011055920525547471,0.0003338660251272245,-0.2499439933757735,0.0,0.9441008347868124,0.9441008347868124,0.0029735565185546875,0.012394905090332031,-0.009421348571777344
13,4,9,percent,0.49920717847400753,0.5007928215259925,0.9314097831342604,0.9343682409949254,0.3387964926006027,0.6612035073993974,0.00017184068220734396,0.0003353683712531729,-0.16041068587340485,0.0,0.934822543742278,0.934822543742278,0.03753185272216797,0.03753185272216797,0.0
13,5,8,percent,0.49956386349818604,0.500436136501814,0.9338057997554172,0.935436289066829,0.20337529785453481,0.7966247021454652,0.00019098008148463156,0.000748072316529316,-0.29618856564365126,0.0,0.9405803016804826,0.9405803016804826,0.07255935668945312,0.06961727142333984,0.0029420852661132812
13,6,7,percent,0.49906755779475415,0.5009324422052459,0.8393893056771897,0.8425258829924954,0.2878280017665788,0.7121719982334211,0.000494725397779361,0.0012240975310535693,-0.21123955602817535,0.0,0.9374685968686943,0.9374685968686943,0.096527099609375,0.10320854187011719,-0.0066814422607421875
13,7,6,percent,0.4999999999704196,0.5000000000295803,0.8451542547285165,0.8451542547285165,0.059690749663430125,0.9403092503365699,9.868748875596282e-05,0.001554625350223999,-0.4403092503069895,0.0,0.9180940387472358,0.9180940387472358,0.0833597183227539,0.07237911224365234,0.010980606079101562
13,8,5,percent,0.49991779017321386,0.5000822098267861,0.9934852726704041,0.9938120233033698,0.09046762880646703,0.909532371193533,0.000384013356985737,0.003860746376470692,-0.40945016136674683,0.0,0.9232836976091521,0.9232836976091521,0.15002059936523438,0.17324256896972656,-0.023221969604492188
13,9,4,percent,0.4999999999701193,0.5000000000298808,0.8366600265340756,0.8366600265340756,0.13610787887747766,0.8638921211225223,0.0009291257710142289,0.005897266389867409,-0.36389212109264163,0.0,0.8803907238652153,0.8803907238652153,0.19602298736572266,0.23242568969726562,-0.03640270233154297
14,1,12,percent,0.49877438490950976,0.5012256150904902,0.9220897530449871,0.9266213694445931,0.20717617378936357,0.7928238262106364,5.829903978047806e-05,0.00022309924070969752,-0.29159821112014617,0.0,0.9569292217415003,0.9569292217415003,0.03490257263183594,0.03490257263183594,0.0
14,2,12,percent,0.4997103915692972,0.5002896084307028,0.9049381830313027,0.9059871013908438,0.3115735886073361,0.6884264113926639,0.00010700592246582825,0.00023643105429064736,-0.1881368029619611,0.0,0.9554068700595594,0.9554068700595594,0.02497386932373047,0.03151988983154297,-0.0065460205078125
14,3,11,percent,0.4957877622583431,0.5042122377416569,0.8577926484539131,0.8723683472452086,0.16211091401527716,0.8378890859847228,3.794906392306279e-05,0.000196144044135011,-0.3336768482430659,0.0,0.9487280050122643,0.9487280050122643,0.033295631408691406,0.033295631408691406,0.0
14,4,10,percent,0.4991734248057812,0.5008265751942188,0.9057513533076789,0.9087509984755155,0.22110143963097292,0.778898560369027,9.228388808037906e-05,0.0003250985863361627,-0.27807198517480824,0.0,0.9440196540584839,0.9440196540584839,0.02921009063720703,0.024811744689941406,0.004398345947265625
14,5,9,percent,0.4998281468450084,0.5001718531549916,0.9611181373587425,0.9617790491552306,0.3722784274838649,0.6277215725161351,0.0002278399785838227,0.0003841749127863061,-0.1275497193611435,0.0,0.9354311836572606,0.9354311836572606,0.046616554260253906,0.04561042785644531,0.0010061264038085938
14,6,8,percent,0.4999999999743826,0.5000000000256174,0.9759000729485332,0.9759000729485332,0.27682731803620136,0.7231726819637987,0.00034083651622587006,0.0008903876669978615,-0.22317268193818124,0.0,0.9462502471239614,0.9462502471239614,0.07605171203613281,0.08263683319091797,-0.006585121154785156
14,7,7,percent,0.4985485457866795,0.5014514542133205,0.7775468632687836,0.7820743005880014,0.06606338122037043,0.9339366187796295,5.909304897549692e-05,0.0008353970797092524,-0.4324851645663091,0.0,0.9246700921400314,0.9246700921400314,0.07764816284179688,0.06794071197509766,0.009707450866699219
14,8,6,percent,0.4978760752966251,0.5021239247033749,0.7906228662043912,0.7973684139220247,0.021947915896744535,0.9780520841032555,3.662866637359257e-05,0.0016322616442656056,-0.47592815939988053,0.0,0.9211862631636841,0.9211862631636841,0.012127876281738281,0.07598304748535156,-0.06385517120361328
14,9,4,percent,0.4999999999209431,0.500000000079057,0.3162277660168379,0.3162277660168379,0.0030326671472411387,0.9969673328527588,2.362948960298348e-05,0.007768023254488255,-0.4969673327737019,0.0,0.9009913745463172,0.9009913745463172,0.025968551635742188,0.17015457153320312,-0.14418601989746094
15,1,13,percent,0.4992561160428695,0.5007438839571305,0.8349206123721277,0.8374086500910487,0.20660126691618955,0.7933987330838105,4.8102113317747324e-05,0.0001847236257283441,-0.29265484912667994,0.0,0.9625893070278551,0.9625893070278551,0.03211784362792969,0.039638519287109375,-0.0075206756591796875
15,2,12,percent,0.49974445252154676,0.5002555474784532,0.9339993170872117,0.9349545298731353,0.26969813757073213,0.7303018624292679,5.7432787229532e-05,0.00015551922192053375,-0.23004631495081462,50.0,0.9416303437139867,-49.05836965628601,0.009901046752929688,0.0007190704345703125,0.009181976318359375
15,3,11,percent,0.4958153803501435,0.5041846196498565,0.7846703257367698,0.797915363987208,0.07181880265849053,0.9281811973415095,2.1975403802039148e-05,0.0002840084863033874,-0.423996577691653,0.0,0.9547101327518556,0.9547101327518556,0.0007915496826171875,0.029585838317871094,-0.028794288635253906
15,4,9,percent,0.4996295968635836,0.5003704031364165,0.858720507133868,0.8599937413304115,0.1406719395639493,0.8593280604360507,8.766961240739334e-05,0.0005355506162462742,-0.3589576572996343,0.0,0.9469116354769463,0.9469116354769463,0.009898185729980469,0.039254188537597656,-0.029356002807617188
15,5,8,percent,0.49446364609456417,0.5055363539054358,0.8511267381634327,0.8701863347721897,0.03528470926841963,0.9647152907315804,2.417925754216682e-05,0.0006610822768453846,-0.4591789368261445,0.0,0.9386963378265347,0.9386963378265347,0.005414009094238281,0.048201560974121094,-0.04278755187988281
15,6,8,percent,0.4955490706950062,0.5044509293049938,0.6296288365278424,0.6409392539242995,0.06748045915629099,0.932519540843709,3.3039000704802814e-05,0.00045656931509274577,-0.4280686115387152,0.0,0.9289237440314457,0.9289237440314457,0.01126861572265625,0.0343017578125,-0.02303314208984375
15,7,7,percent,0.49999999996331,0.50000000003669,0.681385143869247,0.681385143869247,0.17948948235560996,0.8205105176443901,0.00019566932831219415,0.000894474271163902,-0.32051051760770005,0.0,0.92772567999818,0.92772567999818,0.02126026153564453,0.020242691040039062,0.0010175704956054688
15,8,7,percent,0.49766504545909734,0.5023349545409026,0.6974276577405607,0.7039720669425648,0.05175703163673296,0.948242968363267,4.760516938418124e-05,0.0008721764081723604,-0.4459080138223644,0.0,0.9233123074218419,0.9233123074218419,0.034676551818847656,0.03615283966064453,-0.001476287841796875
15,9,5,percent,0.4999999999577423,0.5000000000422578,0.5916079783099616,0.5916079783099616,0.016124801426152125,0.9838751985738479,4.847442056889754e-05,0.0029577281164619657,-0.48387519853159017,0.0,0.908220512855959,0.908220512855959,0.1277303695678711,0.1175832748413086,0.0101470947265625
16,1,12,percent,0.4977377839439984,0.5022622160560015,0.7954703989818994,0.802701217866111,0.4045843924189393,0.5954156075810607,0.0001508308808416185,0.0002219735159898758,-0.09315339152505914,100.0,0.9319409196549395,-99.06805908034507,0.004475593566894531,0.02094268798828125,-0.01646709442138672
16,2,12,percent,0.4997231797416856,0.5002768202583143,0.9665324353716133,0.9676032511523859,0.44776778302861286,0.5522322169713871,0.00020809071635445337,0.00025663827814843577,-0.051955396713072755,50.0,0.9452720034761053,-49.054727996523894,0.001781463623046875,0.0009031295776367188,0.0008783340454101562
16,3,11,percent,0.4995296592270845,0.5004703407729155,0.9373151658409655,0.9390802562873374,0.41548700499934765,0.5845129950006523,0.00023464707316286768,0.00033010472121523956,-0.08404265422773682,0.0,0.9480021218538193,0.9480021218538193,0.015324592590332031,0.01966381072998047,-0.0043392181396484375
16,4,10,percent,0.4996849230254396,0.5003150769745603,0.9370755435622351,0.9382572918544518,0.29787884440423873,0.7021211555957613,0.00019610969387737592,0.00046224408912360607,-0.20180607862120087,0.0,0.9532260613152446,0.9532260613152446,0.05157279968261719,0.049942970275878906,0.0016298294067382812
16,5,9,percent,0.4997085270418643,0.5002914729581357,0.9365569487082506,0.9376495096094347,0.3220675042969424,0.6779324957030576,0.00031428756351080004,0.0006615560938309236,-0.17764102274492188,0.0,0.9536648809582944,0.9536648809582944,0.04262733459472656,0.04262733459472656,0.0
16,6,8,percent,0.4997049015181132,0.5002950984818868,0.9134265954466451,0.9145054352812241,0.1879403515586805,0.8120596484413195,0.00014148678313348197,0.0006113412453661374,-0.3117645499594327,0.0,0.9342973104279936,0.9342973104279936,0.06396961212158203,0.05199623107910156,0.011973381042480469
16,7,7,percent,0.4999999999704196,0.5000000000295803,0.8451542547285167,0.8451542547285167,0.30942196222167023,0.6905780377783297,0.0006220824813850729,0.0013883838926766884,-0.19057803774874937,0.0,0.9459228148648093,0.9459228148648093,0.09513473510742188,0.13597679138183594,-0.04084205627441406
16,8,6,percent,0.499999999966069,0.5000000000339311,0.7367883976130072,0.7367883976130072,0.14161664308442473,0.8583833569155752,0.00030471378730766147,0.0018469667391424825,-0.35838335688164424,0.0,0.9275114643033849,0.9275114643033849,0.10916423797607422,0.13098430633544922,-0.021820068359375
16,9,5,percent,0.4973197763980889,0.5026802236019111,0.8352291036011571,0.8442317648177381,0.03585875065378393,0.964141249346216,0.00011870630249970597,0.003191679495933141,-0.461461025744305,0.0,0.9110453372928651,0.9110453372928651,0.14378643035888672,0.15175914764404297,-0.00797271728515625
16,10,4,percent,0.49141806306932345,0.5085819369306765,0.7645528515426075,0.7912565680749445,0.006812140244507387,0.9931878597554926,5.022745833850896e-05,0.007322999729371436,-0.48460592282481607,0.0,0.8969518551044248,0.8969518551044248,0.19300270080566406,0.182891845703125,0.010110855102539062
17,1,12,percent,0.4996641441643989,0.500335855835601,0.9157878305646703,0.9170189481690713,0.3619007115694562,0.6380992884305439,0.00017378065321166985,0.00030640800479887574,-0.13776343259494273,150.0,0.9399472675389389,-149.06005273246106,0.008603096008300781,0.017881393432617188,-0.009278297424316406
17,2,12,percent,0.49965099436312715,0.5003490056368729,0.928505445984011,0.9298025658264164,0.36011945003994034,0.6398805499600597,0.00011973856948125753,0.00021275814363999295,-0.13953154432318682,0.0,0.9502038123512287,0.9502038123512287,0.01831817626953125,0.014504432678222656,0.0038137435913085938
17,3,11,percent,0.49969398691469485,0.5003060130853052,0.9635741793033936,0.9647543667391677,0.3519451280290797,0.6480548719709203,0.00020081278338576213,0.0003697669240698189,-0.14774885888561518,0.0,0.9588981045424979,0.9588981045424979,0.03258991241455078,0.03258991241455078,0.0
17,4,10,percent,0.4964449814247247,0.5035550185752753,0.8712671973680762,0.8837454020503365,0.24890765438839607,0.7510923456116039,0.000142605351706337,0.0004303192823953122,-0.24753732703632864,0.0,0.9541349118565357,0.9541349118565357,0.04991912841796875,0.05204010009765625,-0.0021209716796875
17,5,9,percent,0.4928953346590194,0.5071046653409805,0.6788828577642427,0.6984538909891174,0.16144911628728997,0.83855088371271,6.21475557343446e-05,0.0003227882123800178,-0.33144621837172944,0.0,0.9099516975736105,0.9099516975736105,0.020585060119628906,0.0014524459838867188,0.019132614135742188
17,6,8,percent,0.49999999997405625,0.5000000000259437,0.9636241116594316,0.9636241116594316,0.14699813469001186,0.8530018653099881,0.00013323352725811455,0.000773128399301447,-0.3530018652840444,0.0,0.9378211715339326,0.9378211715339326,0.02283954620361328,0.0260467529296875,-0.0032072067260742188
17,7,8,percent,0.49939113399504287,0.5006088660049571,0.9379366108168786,0.940223706655337,0.05899006831630284,0.9410099316836972,4.450659621191496e-05,0.0007099693958189,-0.44040106567874004,0.0,0.934809358047059,0.934809358047059,0.029144287109375,0.028097152709960938,0.0010471343994140625
17,8,7,percent,0.49866333432471077,0.5013366656752892,0.8767140075192094,0.8814140663175969,0.10240426545685359,0.8975957345431465,0.00012290072278898752,0.0010772515560273986,-0.39625906886785717,0.0,0.9238489901324073,0.9238489901324073,0.036667823791503906,0.022742271423339844,0.013925552368164062
17,9,6,percent,0.49774083309897205,0.5022591669010279,0.7812685983945408,0.7883607074442617,0.12685967515011884,0.8731403248498811,0.00026790963298865806,0.00184394837063354,-0.37088115794885324,0.0,0.9197510752739654,0.9197510752739654,0.04622840881347656,0.027189254760742188,0.019039154052734375
17,10,5,percent,0.4999999999743505,0.5000000000256495,0.9746794344808963,0.9746794344808963,0.0924896636926743,0.9075103363073257,0.0003787755102036487,0.003716552398148163,-0.4075103362816762,0.0,0.9128706632348466,0.9128706632348466,0.1046457290649414,0.08908748626708984,0.015558242797851562
17,11,4,percent,0.4999999999736477,0.5000000000263523,0.9486832980505139,0.9486832980505139,0.03773665598213834,0.9622633440178616,0.0003542277190177884,0.009032606011342084,-0.46226334399150937,0.0,0.9135598227016373,0.9135598227016373,0.2145986557006836,0.2309551239013672,-0.016356468200683594
18,1,12,percent,0.4996092479523468,0.5003907520476532,0.948333919637423,0.9498173325145689,0.3518259534141922,0.6481740465858078,0.0001428465059662618,0.0002631680856164643,-0.14778329453815459,150.0,0.9343385180724736,-149.06566148192752,0.023200035095214844,0.010388374328613281,0.012811660766601562
18,2,11,percent,0.49864940289558696,0.501350597104413,0.928745082856827,0.9337761142284798,0.34605621128523195,0.6539437887147681,0.00013381722233193023,0.00025287483335844485,-0.152593191610355,50.0,0.927358311288104,-49.0726416887119,0.013432502746582031,0.008045196533203125,0.005387306213378906
18,3,9,percent,0.4952464760705505,0.5047535239294495,0.8261527758779904,0.8420120990817174,0.12972466333171595,0.870275336668284,7.837229674605697e-05,0.0005257709845757582,-0.36552181273883455,0.0,0.9450337003661546,0.9450337003661546,0.026549339294433594,0.029761314392089844,-0.00321197509765625
18,4,9,percent,0.4995498473400873,0.5004501526599128,0.9066727729021663,0.9083068085748346,0.2042697869880719,0.7957302130119281,9.069369338723503e-05,0.00035329596508121134,-0.29528006035201537,0.0,0.9343462870584074,0.9343462870584074,0.040879249572753906,0.03436470031738281,0.006514549255371094
18,5,9,percent,0.4999269630227515,0.5000730369772485,0.9829140948766317,0.9832012930263547,0.1901171221002107,0.8098828778997893,0.00010240040845849594,0.0004362169886258577,-0.3098098409225408,0.0,0.9341038435088336,0.9341038435088336,0.01783275604248047,0.0011425018310546875,0.01669025421142578
18,6,8,percent,0.4986642614171014,0.5013357385828986,0.8301068681279872,0.8345539714499836,0.09494307562306756,0.9050569243769324,9.038152004419935e-05,0.0008615732165888798,-0.4037211857940338,0.0,0.9500778009683338,0.9500778009683338,0.08232498168945312,0.07127952575683594,0.011045455932617188
18,7,7,percent,0.4999999999704196,0.5000000000295803,0.8451542547285167,0.8451542547285167,0.042130741073241114,0.9578692589267589,4.989731992404007e-05,0.0011344472807138467,-0.4578692588971785,0.0,0.9394642760420319,0.9394642760420319,0.09351825714111328,0.10223197937011719,-0.008713722229003906
18,8,6,percent,0.4382303855363411,0.5617696144636589,0.4262867932595694,0.5464590666470247,0.0390688717040315,0.9609311282959685,6.30868161606111e-05,0.0015516721851139006,-0.3991615138323096,0.0,0.9211846571614501,0.9211846571614501,0.0998239517211914,0.0924530029296875,0.007370948791503906
18,9,5,percent,0.4973197763980889,0.5026802236019111,0.8352291036011571,0.8442317648177381,0.015445181048430848,0.9845548189515692,4.824429154897498e-05,0.0030753377404893123,-0.48187459534965804,0.0,0.9107426910852839,0.9107426910852839,0.0029468536376953125,0.12127399444580078,-0.11832714080810547
18,10,4,percent,0.4999999999604715,0.5000000000395285,0.6324555320336758,0.6324555320336758,0.02759695112612371,0.9724030488738763,0.00019015519133024905,0.006700286716600299,-0.4724030488343478,0.0,0.8916387694198696,0.8916387694198696,0.1862316131591797,0.1656780242919922,0.0205535888671875
19,1,13,percent,0.49973802940089035,0.5002619705991096,0.8928027775943216,0.8937388202398119,0.41084916194181254,0.5891508380581875,0.00014512400448516875,0.0002081052992192552,-0.08888886745907781,50.0,0.9490378265838345,-49.05096217341617,0.010064125061035156,0.004662513732910156,0.005401611328125
19,2,12,percent,0.49914317293907906,0.5008568270609209,0.9210304020106456,0.9241924757009242,0.16796804852922564,0.8320319514707744,6.846724933775877e-05,0.0003391533257684701,-0.3311751244098534,0.0,0.9552995681157791,0.9552995681157791,0.022199630737304688,0.01531982421875,0.0068798065185546875
19,3,11,percent,0.49881234722778656,0.5011876527722134,0.8606505143729344,0.8647488649853123,0.30694263269305727,0.6930573673069427,0.0001480332960839513,0.00033424987224255927,-0.19186971453472929,0.0,0.9513086521220862,0.9513086521220862,0.028972625732421875,0.033852577209472656,-0.004879951477050781
19,4,10,percent,0.49966097791319897,0.500339022086801,0.8309946635183846,0.8321223302060656,0.3242668098651366,0.6757331901348633,0.0002949218749998157,0.0006145817608974055,-0.17539416804806235,0.0,0.955334841756092,0.955334841756092,0.010304450988769531,0.02457904815673828,-0.01427459716796875
19,5,9,percent,0.49978658268686565,0.5002134173131343,0.9109540189067553,0.9117320043143247,0.39031840982428445,0.6096815901757155,0.00042406387103324696,0.0006623922666424348,-0.1094681728625812,0.0,0.9541106157464903,0.9541106157464903,0.04450702667236328,0.03277111053466797,0.011735916137695312
19,6,9,percent,0.49922729551906875,0.5007727044809313,0.8537200428434946,0.8563628201256092,0.2597113311659637,0.7402886688340363,0.00014006792575354965,0.0003992535553446653,-0.23951596435310507,0.0,0.9281135560464476,0.9281135560464476,0.017371177673339844,0.005755424499511719,0.011615753173828125
19,7,8,percent,0.49999999997261385,0.5000000000273861,0.9128709291752769,0.9128709291752769,0.1797185136283208,0.8202814863716792,0.00013462721997527826,0.0006144731330459575,-0.32028148634429304,0.0,0.926869601021138,0.926869601021138,0.03602313995361328,0.030046463012695312,0.005976676940917969
19,8,7,percent,0.49999999997430217,0.5000000000256979,0.9728456051340169,0.9728456051340169,0.32083777484232745,0.6791622251576725,0.0006450551084112108,0.0013654783353032626,-0.17916222513197472,0.0,0.9400159935043936,0.9400159935043936,0.0701608657836914,0.08770465850830078,-0.017543792724609375
19,9,6,percent,0.49974739547081276,0.5002526045291873,0.9663749422226181,0.9673518784288835,0.10349744693738187,0.8965025530626182,0.00025596607175760474,0.00221719697701523,-0.3962499485334309,0.0,0.9243410319685105,0.9243410319685105,0.06776809692382812,0.03629112243652344,0.03147697448730469
19,10,5,percent,0.4999999999728837,0.5000000000271163,0.9219544457292885,0.9219544457292885,0.05340092125536159,0.9465990787446384,0.0002401951585660719,0.004257763820032328,-0.4465990787175221,0.0,0.9251766635608422,0.9251766635608422,0.1698894500732422,0.1771535873413086,-0.007264137268066406
19,11,4,percent,0.4999999999701193,0.5000000000298808,0.8366600265340756,0.8366600265340756,0.002577092331937499,0.9974229076680625,2.1310346182175005e-05,0.00824783300594767,-0.4974229076381818,0.0,0.905725002413485,0.905725002413485,0.2219371795654297,0.19666481018066406,0.025272369384765625
20,1,12,percent,0.49895742520579517,0.5010425747942049,0.8887030187266117,0.8924169201342441,0.40891677763137,0.59108322236863,9.311999789032021e-05,0.00013460349523225384,-0.09004064757442515,0.0,0.9437431671965659,0.9437431671965659,0.023983001708984375,0.023983001708984375,0.0
20,2,12,percent,0.49839018749824,0.5016098125017601,0.889181671414832,0.8949258284306238,0.33845504677725324,0.6615449532227468,9.475805149295857e-05,0.0001852141886899949,-0.15993514072098675,200.0,0.9264134422036739,-199.07358655779632,0.0019893646240234375,0.012396812438964844,-0.010407447814941406
20,3,11,percent,0.4998188060178357,0.5001811939821643,0.9286503048874402,0.9293236121730557,0.4224918989211653,0.5775081010788348,0.000197397574489831,0.00026982447815708716,-0.0773269070966704,0.0,0.9530087249092267,0.9530087249092267,0.03575420379638672,0.03575420379638672,0.0
20,4,10,percent,0.499578874097575,0.5004211259024249,0.8844323177581436,0.8859234029592286,0.27519126182807385,0.7248087381719261,0.00012165680473365298,0.00032042400992001894,-0.22438761226950116,0.0,0.9393834468481216,0.9393834468481216,0.02377033233642578,0.021729469299316406,0.002040863037109375
20,5,9,percent,0.49960172037896744,0.5003982796210326,0.9416994295097072,0.94320086415908,0.4169610585055356,0.5830389414944643,0.0003721168841636354,0.0005203329858584335,-0.08264066187343183,0.0,0.9427128556678862,0.9427128556678862,0.01650714874267578,0.02275371551513672,-0.0062465667724609375
20,6,8,percent,0.49956386349818604,0.500436136501814,0.9338057997554172,0.935436289066829,0.03547857032978172,0.9645214296702183,2.6337886601137554e-05,0.0007160224398850669,-0.4640852931684043,0.0,0.9359820943327185,0.9359820943327185,0.021697044372558594,0.03897571563720703,-0.017278671264648438
20,7,7,percent,0.49607064846278676,0.5039293515372132,0.7265911604027346,0.7381017469576845,0.16424975440602974,0.8357502455939703,0.00019802080420471774,0.0010075870123538975,-0.331820894056757,0.0,0.9259565642474501,0.9259565642474501,0.03366661071777344,0.01784229278564453,0.015824317932128906
20,8,6,percent,0.499999999974635,0.500000000025365,0.9856107606091624,0.9856107606091624,0.12243398154771366,0.8775660184522863,0.0003236851861163474,0.0023200675513277594,-0.37756601842692133,0.0,0.937357236837072,0.937357236837072,0.11658954620361328,0.10597801208496094,0.010611534118652344
20,9,4,percent,0.47979821982560006,0.5202017801743999,0.6024640760767093,0.6531972647421808,0.004026073464484152,0.9959739265355159,2.7891598036395996e-05,0.0068998502526360465,-0.4757721463611159,0.0,0.8919122552342895,0.8919122552342895,0.034417152404785156,0.1516103744506836,-0.11719322204589844
21,1,13,percent,0.4989242528782661,0.501075747121734,0.8471953303055569,0.8508486620805459,0.5795129864744274,0.4204870135255726,0.00029576331360923086,0.00021460187675045674,0.08058873359616131,350.0,0.9315934409801648,-349.0684065590198,0.0027170181274414062,0.0029573440551757812,-0.000240325927734375
21,2,13,percent,0.49829843807304136,0.5017015619269587,0.8586471525688274,0.8645112740147528,0.34739003016207565,0.6526099698379244,0.00011539918180192471,0.00021678981915783786,-0.15090840791096571,0.0,0.9525946957494646,0.9525946957494646,0.010328292846679688,0.007894515991210938,0.00243377685546875
21,3,10,percent,0.4995938976744377,0.5004061023255624,0.887893800998934,0.889337276246077,0.3237196031758185,0.6762803968241815,0.00023488309594179714,0.0004906925604767213,-0.1758742944986192,50.0,0.921155163049972,-49.078844836950026,0.007996559143066406,0.0057830810546875,0.0022134780883789062
21,4,10,percent,0.4983505234913596,0.5016494765086403,0.8037545203345126,0.8090751696068345,0.31696168994288615,0.6830383100571138,0.0002736282677389235,0.0005896566172326958,-0.18138883354847346,0.0,0.9572031591033203,0.9572031591033203,0.05151939392089844,0.03758716583251953,0.013932228088378906
21,5,9,percent,0.4998583804963211,0.500141619503679,0.9382201718999114,0.9387518034790844,0.3064586060681149,0.6935413939318851,0.0002480009691113146,0.0005612467842715098,-0.19339977442820616,0.0,0.9295846607924942,0.9295846607924942,0.020316123962402344,0.011289596557617188,0.009026527404785156
21,6,9,percent,0.49899050115075677,0.5010094988492433,0.9149284732547469,0.9186304243492507,0.2588175958233336,0.7411824041766664,0.00031705670564200795,0.0009079630954717781,-0.2401729053274232,0.0,0.9584672945752271,0.9584672945752271,0.07077598571777344,0.07309532165527344,-0.0023193359375
21,7,8,percent,0.4870011190608648,0.5129988809391353,0.5932281659428126,0.6248966856757965,0.012332266139200694,0.9876677338607993,1.1197047562488597e-05,0.0008967501377216355,-0.4746688529216641,0.0,0.9443763723965104,0.9443763723965104,0.03052520751953125,0.05109405517578125,-0.02056884765625
21,8,7,percent,0.49963448825918755,0.5003655117408125,0.9268844088030862,0.9282405486083756,0.18398470120708463,0.8160152987929153,0.00019521638387286577,0.0008658303455216026,-0.3156497870521029,0.0,0.9212283627884815,0.9212283627884815,0.053412437438964844,0.058872222900390625,-0.005459785461425781
21,9,6,percent,0.48749142228507025,0.5125085777149297,0.46203082772527304,0.48574139257513305,0.09082257436292222,0.9091774256370778,0.00015834008267540055,0.0015850598892349365,-0.396668847922148,0.0,0.9166759270685138,0.9166759270685138,0.027184486389160156,0.05173301696777344,-0.02454853057861328
21,11,4,percent,0.4625571538627741,0.5374428461372259,0.7302967433402215,0.8485281374238571,0.008108811235748307,0.9918911887642516,5.386931005378562e-05,0.006589436061936819,-0.45444834262702577,0.0,0.8850813255797035,0.8850813255797035,0.00447845458984375,0.13994407653808594,-0.1354656219482422
22,1,12,percent,0.4965286808562919,0.5034713191437081,0.8066296575710743,0.8179082364541866,0.42540253409367157,0.5745974659063284,0.00017840505142204555,0.00024097422957327697,-0.07112614676262036,0.0,0.9618411281529203,0.9618411281529203,0.034821510314941406,0.043628692626953125,-0.008807182312011719
22,2,12,percent,0.49806707322769966,0.5019329267723003,0.8629542018343119,0.8696522043514496,0.35223334988444854,0.6477666501155515,0.0001625889750708827,0.0002990054193863305,-0.14583372334325112,0.0,0.9674329879518905,0.9674329879518905,0.05506420135498047,0.07013130187988281,-0.015067100524902344
22,3,11,percent,0.49932411631288814,0.5006758836871119,0.9133291181224594,0.915801677355109,0.29305815894957715,0.7069418410504229,6.915375955879364e-05,0.00016681895828277364,-0.206265957363311,0.0,0.9395530916209982,0.9395530916209982,0.03097820281982422,0.02970123291015625,0.0012769699096679688
22,4,10,percent,0.49896765236384905,0.5010323476361509,0.8287093524416335,0.8321384970446871,0.2832539509750197,0.7167460490249803,0.00015615019506480914,0.0003951224922248555,-0.21571370138882934,0.0,0.9512873814131767,0.9512873814131767,0.010250091552734375,0.03052520751953125,-0.020275115966796875
22,5,9,percent,0.4996761647843479,0.500323835215652,0.8732759001276487,0.8744078230985187,0.30282902835355113,0.6971709716464489,0.00014586104693214486,0.0003358002305295064,-0.19684713643079677,0.0,0.9364336744468765,0.9364336744468765,0.04973793029785156,0.053017616271972656,-0.0032796859741210938
22,6,9,percent,0.49858100308681014,0.5014189969131899,0.8859622445640228,0.8910052672926331,0.15583359110248762,0.8441664088975124,0.00010254324006441608,0.0005554870585097662,-0.3427474119843225,0.0,0.9474574760173562,0.9474574760173562,0.0621185302734375,0.05776691436767578,0.004351615905761719
22,7,8,percent,0.4791396999851174,0.5208603000148826,0.5863954716083738,0.6374552583116766,0.02773747711658674,0.9722625228834133,1.7741724168033006e-05,0.0006218882363980603,-0.45140222286853066,0.0,0.9343761680432966,0.9343761680432966,0.06420326232910156,0.051987648010253906,0.012215614318847656
22,8,6,percent,0.40348349223076013,0.5965165077692398,0.1533929977694741,0.22677868380553634,0.07208669190803432,0.9279133080919657,0.00010990122505812718,0.0014146689132090873,-0.3313968003227258,0.0,0.9132371348650692,0.9132371348650692,0.0001926422119140625,0.0749216079711914,-0.07472896575927734
22,9,5,percent,0.49999999997500005,0.500000000025,0.9999999999999999,0.9999999999999999,0.013626763791114592,0.9863732362088854,4.176328473084788e-05,0.0030230350788691346,-0.48637323618388545,0.0,0.904152231319022,0.904152231319022,0.1201467514038086,0.10842037200927734,0.01172637939453125
23,1,13,percent,0.4990954683950472,0.5009045316049527,0.833162089835307,0.8361820387832437,0.5128226870526421,0.4871773129473579,8.834987855961521e-05,8.393155420054901e-05,0.013727218657594908,50.0,0.9392172340675492,-49.06078276593245,0.011946678161621094,0.016945838928222656,-0.0049991607666015625
23,2,13,percent,0.49958174922863585,0.5004182507713641,0.9116065496993453,0.913132947003498,0.30217921950389814,0.6978207804961019,7.010581202010783e-05,0.0001618948593605445,-0.1974025297247377,50.0,0.9469851694810731,-49.053014830518926,0.013882637023925781,0.008593559265136719,0.0052890777587890625
23,3,12,percent,0.49916184801929386,0.5008381519807061,0.8701610382901199,0.8730832454888958,0.22241564761472735,0.7775843523852727,7.961867192631526e-05,0.00027835366742396035,-0.27674620040456654,0.0,0.962814362913178,0.962814362913178,0.04181480407714844,0.04637908935546875,-0.0045642852783203125
23,4,11,percent,0.4988217393728008,0.5011782606271993,0.8401553833573812,0.8441244244230055,0.3641373316485735,0.6358626683514266,0.0001390331084417145,0.00024278182769386754,-0.1346844077242273,0.0,0.9466088686825462,0.9466088686825462,0.025223731994628906,0.03714561462402344,-0.011921882629394531
23,5,9,percent,0.4831966012080523,0.5168033987919477,0.6237528986408409,0.6671355244835364,0.10112143804569147,0.8988785619543085,5.507713132156981e-05,0.0004895860209621185,-0.38207516316236084,0.0,0.9403776421738577,0.9403776421738577,0.003787994384765625,0.03009033203125,-0.026302337646484375
23,6,9,percent,0.49944129044272634,0.5005587095572737,0.8877827053885525,0.8897689755140006,0.24776498375056594,0.752235016249434,0.00017544732764644222,0.0005326725213091836,-0.2516763066921604,0.0,0.9452283268112496,0.9452283268112496,0.05330371856689453,0.05830192565917969,-0.004998207092285156
23,7,8,percent,0.4978111264668876,0.5021888735331124,0.8953895524169424,0.9032636008823923,0.04658604907659182,0.9534139509234082,3.823892213790992e-05,0.000782584441020375,-0.45122507739029577,0.0,0.9432680666161166,0.9432680666161166,0.00344085693359375,0.06053447723388672,-0.05709362030029297
23,8,7,percent,0.4993621079053654,0.5006378920946346,0.8816456213107725,0.8838980739427686,0.3275622236709551,0.6724377763290449,0.0004364329836297585,0.0008959335694558761,-0.17179988423441028,0.0,0.9271689885642226,0.9271689885642226,0.009503364562988281,0.054500579833984375,-0.044997215270996094
23,9,6,percent,0.49902095866065466,0.5009790413393453,0.9375715460914991,0.9412504347687607,0.024204592760697446,0.9757954072393026,5.4446147908033925e-05,0.0021949676730913573,-0.47481636589995724,0.0,0.9311652999829528,0.9311652999829528,0.09587669372558594,0.09587669372558594,0.0
23,10,5,percent,0.4609111993328034,0.5390888006671966,0.3458572319330373,0.40451991747794525,0.006903674496394156,0.9930963255036058,2.609232489600279e-05,0.003753391226836277,-0.4540075248364092,0.0,0.9174302205965851,0.9174302205965851,0.011854171752929688,0.11781978607177734,-0.10596561431884766
23,11,4,percent,0.49999999996772515,0.5000000000322748,0.7745966692414834,0.7745966692414834,0.018138583067069364,0.9818614169329306,9.858852400130624e-05,0.0053367049508476535,-0.48186141690065576,0.0,0.8757691621570474,0.8757691621570474,0.1810131072998047,0.1880636215209961,-0.007050514221191406
24,1,12,percent,0.499726921711563,0.500273078288437,0.9427683062066029,0.9437986670668239,0.4745711909145136,0.5254288090854864,0.00021167443923010803,0.0002343585181541903,-0.025155730797049414,0.0,0.9575173397409292,0.9575173397409292,0.031006813049316406,0.041351318359375,-0.010344505310058594
24,2,12,percent,0.4997924507538846,0.5002075492461153,0.9676886839000022,0.9684923896443577,0.2727259166002609,0.7272740833997391,9.501619406432177e-05,0.00025337814988428414,-0.2270665341536237,0.0,0.9580620710194415,0.9580620710194415,0.02107524871826172,0.02107524871826172,0.0
24,3,11,percent,0.499289678745464,0.5007103212545361,0.9094840377671677,0.912071817347735,0.36932317212889604,0.6306768278711039,0.00014892274632524922,0.0002543086797845565,-0.12996650661656795,0.0,0.9543081540969847,0.9543081540969847,0.038748741149902344,0.038748741149902344,0.0
24,4,10,percent,0.4994582818571429,0.5005417181428571,0.8580262202140806,0.8598874701420459,0.2070595466105666,0.7929404533894334,9.070721517552492e-05,0.0003473657737515228,-0.29239873524657634,0.0,0.9497648104863754,0.9497648104863754,0.05004310607910156,0.050617218017578125,-0.0005741119384765625
24,5,9,percent,0.49938347201438626,0.5006165279856137,0.8781853274894962,0.8803537044435812,0.2304785300857293,0.7695214699142707,0.00011248119079367445,0.0003755519796017749,-0.268904941928657,0.0,0.9383543896235552,0.9383543896235552,0.0003910064697265625,0.03822612762451172,-0.037835121154785156
24,6,8,percent,0.4999999999669281,0.5000000000330719,0.7559289460184545,0.7559289460184545,0.13221835898423603,0.8677816410157639,7.060951341186826e-05,0.0004634275199660071,-0.36778164098269206,0.0,0.9284070549678682,0.9284070549678682,0.010544776916503906,0.02516937255859375,-0.014624595642089844
24,7,7,percent,0.4988965598657254,0.5011034401342747,0.8174425512463636,0.8210585268458225,0.17495942311918758,0.8250405768808124,0.00022063223889735316,0.0010404157084950522,-0.3239371367465378,0.0,0.934410230750958,0.934410230750958,0.08017158508300781,0.07005500793457031,0.0101165771484375
24,8,5,percent,0.4999999999743505,0.5000000000256495,0.9746794344808963,0.9746794344808963,0.13252745751865405,0.867472542481346,0.0004577959130051158,0.0029965516488043484,-0.3674725424556965,0.0,0.9075346476106957,0.9075346476106957,0.13116073608398438,0.1540689468383789,-0.02290821075439453
24,9,4,percent,0.49999999995435646,0.5000000000456435,0.5477225575051661,0.5477225575051661,0.01912697285139524,0.9808730271486048,0.00014364060168374097,0.007366204311415806,-0.4808730271029612,0.0,0.8985603354438765,0.8985603354438765,0.012017250061035156,0.15342044830322266,-0.1414031982421875
25,1,13,percent,0.4992633220273479,0.5007366779726521,0.8579377032910439,0.8604695287029032,0.3956570038630349,0.6043429961369651,0.00010110376094587373,0.00015442999782254826,-0.10360631816431304,0.0,0.9572510110432669,0.9572510110432669,0.014340400695800781,0.008534431457519531,0.00580596923828125
25,2,13,percent,0.49947056378846844,0.5005294362115316,0.8740385021920857,0.8758914546658004,0.22836491193914193,0.771635088060858,6.0395930326783465e-05,0.00020407511724985768,-0.2711056518493265,0.0,0.9668242484159608,0.9668242484159608,0.040554046630859375,0.04554557800292969,-0.0049915313720703125
25,3,11,percent,0.4909673696111329,0.509032630388867,0.7484536354423293,0.7759931643236914,0.3138150456366276,0.6861849543633725,7.579274210916383e-05,0.00016572757943533303,-0.1771523239745053,0.0,0.9437665001113121,0.9437665001113121,0.031096458435058594,0.029727935791015625,0.0013685226440429688
25,4,11,percent,0.48171900661471545,0.5182809933852845,0.7088155640124211,0.7626139503541737,0.164682353380562,0.835317646619438,4.771356914260931e-05,0.00024201724715264627,-0.3170366532341534,0.0,0.9497371400377763,0.9497371400377763,0.03979301452636719,0.04009246826171875,-0.0002994537353515625
25,5,10,percent,0.4991489475744662,0.5008510524255338,0.8525731458469318,0.8554804320278859,0.26095104518966833,0.7390489548103316,8.352784016669804e-05,0.00023656213690498835,-0.23819790238479788,0.0,0.9405098353383753,0.9405098353383753,0.036284446716308594,0.036284446716308594,0.0
25,6,9,percent,0.4994966997171666,0.5005033002828334,0.8972774459283771,0.8990856659530405,0.34444538056211893,0.6555546194378811,0.0002088465499972529,0.0003974803956911665,-0.15505131915504766,0.0,0.9395012660775609,0.9395012660775609,0.049930572509765625,0.053877830505371094,-0.003947257995605469
25,7,8,percent,0.4995874829248046,0.5004125170751954,0.9370648561354097,0.9386123537887895,0.1266237124080188,0.8733762875919812,8.349107625735878e-05,0.0005758724979676235,-0.37296377051678575,0.0,0.9322909658923142,0.9322909658923142,0.05994892120361328,0.055930137634277344,0.0040187835693359375
25,8,6,percent,0.49999999997099404,0.5000000000290059,0.8618916073713346,0.8618916073713346,0.09865278982154707,0.901347210178453,0.00018855170739926538,0.0017227140345534697,-0.40134721014944696,0.0,0.9223160132654298,0.9223160132654298,0.006241798400878906,0.07755088806152344,-0.07130908966064453
25,9,5,percent,0.49999999996772515,0.5000000000322748,0.7745966692414834,0.7745966692414834,0.056384750678085876,0.9436152493219141,0.00020301783264716159,0.0033975625471041686,-0.44361524928963925,0.0,0.9134387960561402,0.9134387960561402,0.0025691986083984375,0.09335803985595703,-0.0907888412475586
25,10,4,percent,0.49315981427579086,0.5068401857242091,0.8000000000000003,0.8221921916437788,0.005991151178772002,0.994008848821228,4.318336541208049e-05,0.007164674277368452,-0.48716866309701884,0.0,0.8953488282125055,0.8953488282125055,0.20866966247558594,0.1956024169921875,0.013067245483398438
26,1,10,percent,0.4996006181459174,0.5003993818540826,0.9221353355901021,0.9236096495988787,0.3233187251488695,0.6766812748511305,0.00012698412698400606,0.00026576793089221117,-0.17628189299704788,0.0,0.9400172189563196,0.9400172189563196,0.0147857666015625,0.014003753662109375,0.000782012939453125
26,2,8,percent,0.49677335351371,0.50322664648629,0.7598055146791776,0.7696757049863838,0.1120505762655799,0.8879494237344201,8.94728797274203e-05,0.0007090314341664768,-0.3847227772481301,0.0,0.9437994307838357,0.9437994307838357,0.07826423645019531,0.0804452896118164,-0.0021810531616210938
26,3,6,percent,0.4994911167703918,0.5005088832296082,0.9354468280500482,0.9373529006989002,0.16369965788263047,0.8363003421173696,0.00031757797194302664,0.0016224258110872237,-0.33579145888776135,0.0,0.9214555234709737,0.9214555234709737,0.10634994506835938,0.12389659881591797,-0.017546653747558594
27,1,13,percent,0.4989774943342251,0.5010225056657749,0.8774039173860656,0.8809998729629739,0.40308684540681605,0.596913154593184,9.295468970734502e-05,0.00013765231336874357,-0.09589064892740906,0.0,0.9551116466511508,0.9551116466511508,0.028700828552246094,0.014773368835449219,0.013927459716796875
27,2,12,percent,0.49968589179574346,0.5003141082042566,0.9206152532960743,0.9217726715213536,0.29181124233623185,0.7081887576637682,0.00011301173936423762,0.0002742650128209938,-0.20787464945951162,0.0,0.9552888672291107,0.9552888672291107,0.03111553192138672,0.0311431884765625,-2.765655517578125e-05
27,3,11,percent,0.4996478386008737,0.5003521613991263,0.9431714547728184,0.9445009854081413,0.3135972661959618,0.6864027338040382,0.00014426602745477637,0.00031576985820533745,-0.1860505724049119,0.0,0.948817080315166,0.948817080315166,0.0274200439453125,0.018171310424804688,0.009248733520507812
27,4,10,percent,0.4987619525866944,0.5012380474133056,0.741010595086401,0.7446893288822841,0.5999442204507694,0.40005577954923055,0.0002556480380497202,0.00017047153997241075,0.10118226786407503,250.0,0.9038586535270954,-249.0961413464729,0.00321197509765625,0.01906299591064453,-0.01585102081298828
27,5,9,percent,0.4978272950898047,0.5021727049101953,0.6980862065183149,0.7041796261387756,0.5113996305348388,0.48860036946516117,0.00026603179756308937,0.0002541714457300303,0.013572335445034112,200.0,0.8912150165657925,-199.10878498343422,0.0011034011840820312,0.017226219177246094,-0.016122817993164062
27,6,9,percent,0.49963781571509225,0.5003621842849078,0.9228844936365583,0.9242224797732559,0.3040070015507696,0.6959929984492303,0.00026319996063748616,0.00060256934366859,-0.19563081416432265,0.0,0.9460036808634137,0.9460036808634137,0.008145332336425781,0.024295806884765625,-0.016150474548339844
27,7,8,percent,0.4996243559912852,0.5003756440087148,0.8934226615458728,0.8947661062400877,0.08317804521354254,0.9168219547864574,6.333399392252073e-05,0.0006980927196065026,-0.41644631077774263,0.0,0.9386895813961238,0.9386895813961238,0.05734443664550781,0.052308082580566406,0.005036354064941406
27,8,6,percent,0.4929839989933216,0.5070160010066784,0.575359712265399,0.5917364072658455,0.2022826163073071,0.797717383692693,0.0003429222980933545,0.0013523409139669762,-0.29070138268601453,0.0,0.9121045909171815,0.9121045909171815,0.008913993835449219,0.038257598876953125,-0.029343605041503906
28,1,12,rank,0.49955547473614526,0.5004445252638547,0.8639882948679867,0.8655259202937463,0.6769183555521031,0.3230816444478969,0.00020810608077715707,9.932540099376887e-05,0.17736288081595786,100.0,0.9329844738867998,-99.0670155261132,0.01023101806640625,0.00909423828125,0.00113677978515625
28,2,12,rank,0.49645167083450287,0.5035483291654972,0.649226449161182,0.6585069864423875,0.32925865949756344,0.6707413405024365,0.0002019870311292749,0.0004114729110075048,-0.16719301133693942,0.0,0.9767738448856305,0.9767738448856305,0.05710124969482422,0.061842918395996094,-0.004741668701171875
28,3,10,rank,0.49776181110015894,0.5022381888998411,0.7082267788398964,0.7145958704605576,0.36211451220331264,0.6378854877966873,0.0003968982756857536,0.0006991589827194551,-0.1356472988968463,0.0,0.9729041581222592,0.9729041581222592,0.0683746337890625,0.0726919174194336,-0.004317283630371094
28,4,10,rank,0.49856791249738375,0.5014320875026163,0.9233806522046217,0.9286852930934734,0.31560788576443666,0.6843921142355633,0.0002384185906139851,0.0005170079047529504,-0.1829600267329471,0.0,0.9652615239948883,0.9652615239948883,0.06328105926513672,0.06626605987548828,-0.0029850006103515625
28,5,9,rank,0.4306306668815291,0.5693693331184708,0.14762034939153687,0.19518001458970663,0.035928801659287815,0.9640711983407122,0.00012712911216595078,0.00341123294562361,-0.3947018652222413,0.0,0.9730885180906063,0.9730885180906063,0.03215503692626953,0.036978721618652344,-0.0048236846923828125
28,6,9,rank,0.0,1.0,0.0,0.22360679774997896,0.012634235346558446,0.9873657646534415,6.412229403913528e-05,0.005011158561258419,0.012634235346558446,0.0,0.9807937568147559,0.9807937568147559,0.023756980895996094,0.023756980895996094,0.0
28,7,8,rank,0.4952276374346734,0.5047723625653266,0.7418030325702604,0.7561001062031496,0.07006035381272503,0.929939646187275,9.190275463180786e-05,0.0012198626394087832,-0.4251672836219484,0.0,0.9644693398580414,0.9644693398580414,0.09436321258544922,0.09358024597167969,0.0007829666137695312
28,8,7,rank,0.4999999999459938,0.5000000000540061,0.46291004988627577,0.46291004988627577,0.185564732367068,0.8144352676329321,0.00044377704994931624,0.0019477174206433065,-0.3144352675789258,0.0,0.9561730650747515,0.9561730650747515,0.1091156005859375,0.11689281463623047,-0.007777214050292969
28,9,6,rank,0.4999999999704196,0.5000000000295803,0.8451542547285165,0.8451542547285165,0.17287287751165678,0.8271271224883432,0.0004979230045215643,0.002382361019215483,-0.32712712245876285,0.0,0.9364175457386783,0.9364175457386783,0.1165170669555664,0.16005229949951172,-0.04353523254394531
28,10,5,rank,0.49529885966192655,0.5047011403380735,0.7523841248624464,0.7666666666666666,0.04130135595160613,0.9586986440483939,0.00010049586776844882,0.0023327381344291262,-0.45399750371032044,0.0,0.8942412875843325,0.8942412875843325,0.13196277618408203,0.1231088638305664,0.008853912353515625
29,1,15,rank,0.4969564105114744,0.5030435894885257,0.7838857787440344,0.7934875323026078,0.6398463624824207,0.36015363751757934,0.0001334648257724154,7.512393805203472e-05,0.14288995197094628,50.0,0.9546246548539299,-49.04537534514607,0.006747245788574219,0.010634422302246094,-0.003887176513671875
29,2,15,rank,0.49517012142495637,0.5048298785750436,0.7954114046580146,0.8109282555774086,0.24122886090589404,0.758771139094106,5.760621145232311e-05,0.0001811968368774114,-0.2539412605190623,0.0,0.9811882714110265,0.9811882714110265,0.047882080078125,0.05105018615722656,-0.0031681060791015625
29,3,14,rank,0.49826535138967204,0.501734648610328,0.7238951774958851,0.7289354787540435,0.34585815686408866,0.6541418431359114,0.0001383400588613028,0.0002616505775597731,-0.15240719452558338,0.0,0.9818325608206245,0.9818325608206245,0.05706310272216797,0.07219982147216797,-0.01513671875
29,4,13,rank,0.4863887198952776,0.5136112801047223,0.6521693387284302,0.688670429965645,0.11491645745435214,0.8850835425456478,4.388838269935324e-05,0.000338027072927541,-0.37147226244092546,0.0,0.9783420571833463,0.9783420571833463,0.05595684051513672,0.05418968200683594,0.0017671585083007812
29,5,12,rank,0.48576112295848756,0.5142388770415125,0.6239127507469723,0.6604896462552985,0.22486193238090244,0.7751380676190975,0.00010209814641693311,0.00035194991253949297,-0.26089919057758515,0.0,0.9704887367218598,0.9704887367218598,0.061226844787597656,0.06805229187011719,-0.006825447082519531
29,6,11,rank,0.49064821848738166,0.5093517815126183,0.6257499853009499,0.6496036421533765,0.19890026828633678,0.8010997317136632,0.0001120737744605355,0.0004513933115122562,-0.2917479502010449,0.0,0.9702233052166442,0.9702233052166442,0.07042884826660156,0.06467914581298828,0.005749702453613281
29,7,10,rank,0.4915031515900839,0.5084968484099162,0.6387628544802595,0.6608480480431909,0.10254629513780522,0.8974537048621948,5.917159763309057e-05,0.0005178515634566811,-0.3889568564522787,0.0,0.9654713140140644,0.9654713140140644,0.07404232025146484,0.08117389678955078,-0.0071315765380859375
29,8,8,rank,0.49081568601384734,0.5091843139861527,0.4878048780487805,0.5060608273474739,0.035240789462860626,0.9647592105371394,6.974854709089587e-05,0.0019094506885086117,-0.4555748965509867,0.0,0.9645725584074283,0.9645725584074283,0.10078907012939453,0.08373451232910156,0.01705455780029297
29,9,7,rank,0.49172338796349524,0.5082766120365048,0.5855168737932974,0.6052275326688025,0.09079946144942906,0.9092005385505709,0.00014464477562976317,0.0014483687097021649,-0.40092392651406616,0.0,0.940130265734386,0.940130265734386,0.09434127807617188,0.0989837646484375,-0.004642486572265625
29,10,6,rank,0.4760825442727255,0.5239174557272746,0.4615930911724977,0.5079721589671173,0.005719999655387121,0.9942800003446128,1.926718633018443e-05,0.0033491221351689073,-0.4703625446173384,0.0,0.9380353390104803,0.9380353390104803,0.14218711853027344,0.09642601013183594,0.0457611083984375
30,1,15,rank,0.4954036917363952,0.5045963082636048,0.6185714466415253,0.6300495404647383,0.33654127872071726,0.6634587212792827,0.00010331750724112722,0.00020368041580634113,-0.15886241301567794,0.0,0.9800183938201333,0.9800183938201333,0.04833507537841797,0.07785606384277344,-0.02952098846435547
30,2,15,rank,0.49842016761311675,0.5015798323868832,0.7273307282448054,0.731941539324294,0.3530235334442915,0.6469764665557085,0.000108543692959221,0.00019892492421158376,-0.14539663416882526,0.0,0.9818813289536917,0.9818813289536917,0.04666614532470703,0.06926536560058594,-0.022599220275878906
30,3,14,rank,0.48245539563659573,0.5175446043634042,0.37176016644025855,0.39879845878037695,0.05986277823710154,0.9401372217628985,4.0906412562745507e-05,0.0006424298404666011,-0.42259261739949416,0.0,0.9881733035289914,0.9881733035289914,0.04508209228515625,0.04508209228515625,0.0
30,4,13,rank,0.4978632117460899,0.5021367882539101,0.5687006058939483,0.5735822389252812,0.14685606032991222,0.8531439396700877,4.929009837974599e-05,0.0002863452413087201,-0.35100715141617767,0.0,0.9723665257156573,0.9723665257156573,0.052394866943359375,0.05270195007324219,-0.0003070831298828125
30,5,11,rank,0.42396596093432304,0.576034039065677,0.31841686424931753,0.43262660043167656,0.0449193719578082,0.9550806280421918,6.991827534917173e-05,0.0014866099620203814,-0.37904658897651483,0.0,0.9820787186374614,0.9820787186374614,0.04689311981201172,0.04689311981201172,0.0
30,6,10,rank,0.49779295584063316,0.5022070441593669,0.8392156089534639,0.8466572003282263,0.07356183425079141,0.9264381657492086,4.70957613814498e-05,0.0005931241910561785,-0.4242311215898418,0.0,0.9647834974181979,0.9647834974181979,0.06688117980957031,0.06660079956054688,0.0002803802490234375
30,7,9,rank,0.4920900113811037,0.5079099886188962,0.6240336444599678,0.6440954172524231,0.11305591115602336,0.8869440888439767,8.312888822380697e-05,0.0006521610764335337,-0.37903410022508033,0.0,0.9529330703707969,0.9529330703707969,0.08763599395751953,0.07439994812011719,0.013236045837402344
30,8,8,rank,0.49390153188427005,0.5060984681157299,0.6984302957695782,0.7156780854205469,0.1464444585699381,0.853555541430062,0.00013703828638884666,0.0007987313090100454,-0.34745707331433195,0.0,0.938224573233988,0.938224573233988,0.06711196899414062,0.08624744415283203,-0.019135475158691406
30,9,6,rank,0.4914267413580207,0.5085732586419793,0.5356715840055801,0.5543618612158774,0.021396408602364733,0.9786035913976353,5.32974826184473e-05,0.0024376570261170046,-0.470030332755656,0.0,0.9338784254166218,0.9338784254166218,0.1271066665649414,0.1150655746459961,0.012041091918945312
31,1,16,rank,0.4991244993162466,0.5008755006837534,0.8081749178187173,0.8110101129219659,0.33409740304660546,0.6659025969533945,0.0001292410775471487,0.00025759534488197064,-0.16502709626964113,0.0,0.9851873996937474,0.9851873996937474,0.039353370666503906,0.03641319274902344,0.0029401779174804688
31,2,15,rank,0.4983092475746369,0.5016907524253631,0.7357437829761128,0.7407365081428713,0.1811307793714192,0.8188692206285808,6.037850462392728e-05,0.0002729634415675577,-0.3171784682032177,0.0,0.9830930528456995,0.9830930528456995,0.043816566467285156,0.042324066162109375,0.0014925003051757812
31,3,14,rank,0.4982365412460472,0.5017634587539528,0.6604003190577667,0.6650751616372824,0.1769428503494582,0.8230571496505418,6.700769699474217e-05,0.00031168903569673683,-0.321293690896589,0.0,0.9822399059615446,0.9822399059615446,0.04898643493652344,0.05059337615966797,-0.0016069412231445312
31,4,13,rank,0.49648830989480003,0.5035116901051999,0.6598969046835781,0.6692318813975154,0.1568479129118647,0.8431520870881353,7.011887119878019e-05,0.0003769311035968027,-0.33964039698293536,0.0,0.9796445608305442,0.9796445608305442,0.061713218688964844,0.06632328033447266,-0.0046100616455078125
31,5,12,rank,0.4976924564735779,0.5023075435264222,0.5223969158821232,0.527241086537726,0.09239029567342787,0.9076097043265722,5.263943936327806e-05,0.0005171112010103947,-0.40530216080015,0.0,0.9747087989645381,0.9747087989645381,0.05746650695800781,0.05474853515625,0.0027179718017578125
31,6,10,rank,0.4857904914956901,0.5142095085043099,0.5969376322803431,0.6318588194448963,0.11466122731665805,0.8853387726833419,7.603444654479943e-05,0.0005870880130525815,-0.371129264179032,0.0,0.960537024885489,0.960537024885489,0.05924510955810547,0.05731964111328125,0.0019254684448242188
31,7,9,rank,0.4974278791886428,0.5025721208113572,0.6670493647856846,0.6739477780040791,0.060667514384283645,0.9393324856157164,4.8240670608214425e-05,0.0007469240074086597,-0.43676036480435915,0.0,0.9530897903765642,0.9530897903765642,0.07070350646972656,0.05298137664794922,0.017722129821777344
31,8,8,rank,0.49259456136352636,0.5074054386364737,0.5297309103671165,0.5456583689045332,0.16760591651387413,0.8323940834861259,0.0002503904823723507,0.0012435333051631099,-0.32498864484965223,0.0,0.957261231111714,0.957261231111714,0.1120748519897461,0.09122276306152344,0.020852088928222656
31,9,6,rank,0.49453195687794205,0.505468043122058,0.7489957015861712,0.7655590023509526,0.07441508557133729,0.9255849144286628,0.00015266299357194577,0.0018988428934177068,-0.42011687130660474,0.0,0.9114072064311987,0.9114072064311987,0.09830760955810547,0.0899972915649414,0.008310317993164062
32,1,14,rank,0.4994989797203256,0.5005010202796745,0.8904986271062122,0.8922850485578726,0.41047355414639153,0.5895264458536085,0.00021350531554594705,0.00030663848505185456,-0.08902542557393406,0.0,0.9844003585042573,0.9844003585042573,0.049422264099121094,0.049422264099121094,0.0
32,2,13,rank,0.49609788791947046,0.5039021120805296,0.6144208903745602,0.6240864794142966,0.3212615696176326,0.6787384303823674,0.00021832610524177409,0.00046126365513781347,-0.17483631830183788,0.0,0.9835640963435601,0.9835640963435601,0.042618751525878906,0.048926353454589844,-0.0063076019287109375
32,3,12,rank,0.4996569784931788,0.5003430215068212,0.8901750566202168,0.8913972917832059,0.33592721781769386,0.6640727821823061,0.00020840854944974163,0.000411989277231043,-0.16372976067548495,0.0,0.9756995225827437,0.9756995225827437,0.05466747283935547,0.05682849884033203,-0.0021610260009765625
32,4,11,rank,0.4935217217565524,0.5064782782434476,0.5821720581191512,0.5974559752685598,0.16073011278413687,0.8392698872158632,0.00013515840220374416,0.0007057442997824901,-0.33279160897241555,0.0,0.9798401204061662,0.9798401204061662,0.06236457824707031,0.06236457824707031,0.0
32,5,10,rank,0.4934683250329535,0.5065316749670465,0.7443873683187767,0.764093177458341,0.1854941516260274,0.8145058483739727,0.00015624999999986982,0.000686094516421696,-0.3079741734069261,0.0,0.9704753019979973,0.9704753019979973,0.06686210632324219,0.0685577392578125,-0.0016956329345703125
32,6,9,rank,0.4999999999530332,0.5000000000469669,0.5322906474223771,0.5322906474223771,0.138017333815592,0.861982666184408,0.000185987718618803,0.0011615800083854867,-0.3619826661374412,0.0,0.9749249412035594,0.9749249412035594,0.08489990234375,0.08483409881591797,6.580352783203125e-05
32,7,8,rank,0.4315246549664789,0.5684753450335212,0.1770844008302866,0.23328473740792174,0.011183010914850914,0.988816989085149,4.2440018107710955e-05,0.0037526038491078697,-0.420341644051628,0.0,0.9732905045253911,0.9732905045253911,0.059050559997558594,0.042812347412109375,0.01623821258544922
32,8,7,rank,0.4999999999516954,0.5000000000483046,0.5175491695067657,0.5175491695067657,0.132801003697696,0.867198996302304,0.00030097808312008875,0.001965405915943091,-0.36719899625399943,0.0,0.9549032020299136,0.9549032020299136,0.103302001953125,0.10528278350830078,-0.0019807815551757812
32,9,6,rank,0.49999999996846717,0.5000000000315328,0.7928249671720918,0.7928249671720918,0.20205071253071483,0.7979492874692852,0.00043281032101860644,0.0017092771549052476,-0.29794928743775234,0.0,0.9242569407563391,0.9242569407563391,0.11225605010986328,0.1320056915283203,-0.01974964141845703
33,2,13,rank,0.495928764604874,0.504071235395126,0.6734214946558782,0.684478152771967,0.20350052183691458,0.7964994781630854,0.00010596199804495455,0.0004147343458190692,-0.2924282427679594,0.0,0.9844141522000395,0.9844141522000395,0.060416221618652344,0.050052642822265625,0.010363578796386719
33,3,11,rank,0.4996217989696184,0.5003782010303817,0.8660294286926089,0.8673405532190678,0.27431638928209323,0.7256836107179068,0.00016937719209626746,0.00044807466744410267,-0.22530540968752516,0.0,0.9733612283353544,0.9733612283353544,0.06693458557128906,0.06555366516113281,0.00138092041015625
33,4,9,rank,0.43815469029966936,0.5618453097003306,0.4621681606529813,0.5926377579897537,0.03974924603108232,0.9602507539689177,4.884795944073472e-05,0.0011800547328924224,-0.39840544426858704,0.0,0.9756950964923717,0.9756950964923717,0.08350276947021484,0.08350276947021484,0.0
33,5,8,rank,0.48617369224024587,0.5138263077597541,0.615705044781692,0.6507251519983099,0.022492864042742117,0.9775071359572579,2.7570826389542316e-05,0.0011981878892575353,-0.4636808281975038,0.0,0.9602225025377206,0.9602225025377206,0.08632850646972656,0.08788299560546875,-0.0015544891357421875
33,6,7,rank,0.4277777101078421,0.5722222898921578,0.2521013966653018,0.33722663671673125,0.04866777636254564,0.9513322236374544,0.00017409169342147345,0.0034030532177784447,-0.37910993374529645,0.0,0.9630480704209812,0.9630480704209812,0.08787727355957031,0.08628368377685547,0.0015935897827148438
33,7,6,rank,0.49999999996772515,0.5000000000322748,0.7745966692414834,0.7745966692414834,0.07610045974671667,0.9238995402532834,0.00013563368055538594,0.001646664000651354,-0.4238995402210085,0.0,0.9190273601323392,0.9190273601323392,0.12030506134033203,0.1034688949584961,0.016836166381835938
34,1,14,rank,0.49813433701453586,0.5018656629854641,0.8444099197790833,0.8507350581601296,0.5243957530540918,0.4756042469459082,0.00015099734123256124,0.00013694795182821317,0.02626141603955595,0.0,0.9548747507211596,0.9548747507211596,0.019181251525878906,0.01903057098388672,0.0001506805419921875
34,2,14,rank,0.49551947977997657,0.5044805202200234,0.7472824043218166,0.7607963590076842,0.18719250529045006,0.8128074947095499,6.443237716385162e-05,0.00027977135227834533,-0.3083269744895265,0.0,0.977496438971219,0.977496438971219,0.04260444641113281,0.04614543914794922,-0.0035409927368164062
34,3,12,rank,0.49676630563850954,0.5032336943614905,0.7185294701256818,0.7278839881149216,0.17803524448446162,0.8219647555155384,6.171764733585248e-05,0.0002849419689162237,-0.3187310611540479,0.0,0.9693545394457866,0.9693545394457866,0.06007575988769531,0.06041717529296875,-0.0003414154052734375
34,4,11,rank,0.47540435470622844,0.5245956452937716,0.3977669061900741,0.43892485358215155,0.046421203069309934,0.95357879693069,5.7242799769477714e-05,0.0011758746410234745,-0.4289831516369185,0.0,0.9834543791718254,0.9834543791718254,0.05774497985839844,0.05774497985839844,0.0
34,5,10,rank,0.47501464721115416,0.5249853527888458,0.2754447480042822,0.3044210510272572,0.060323032421031396,0.9396769675789686,0.00012258979881383218,0.0019096321877384963,-0.4146916147901228,0.0,0.9806779596309225,0.9806779596309225,0.042550086975097656,0.04737091064453125,-0.004820823669433594
34,6,10,rank,0.4964773208168093,0.5035226791831907,0.7482661573765641,0.7588845742940419,0.21964137371076473,0.7803586262892352,0.00013494809688573373,0.0004794537921650197,-0.27683594710604453,0.0,0.9631411660209435,0.9631411660209435,0.06940650939941406,0.07331562042236328,-0.003909111022949219
34,7,9,rank,0.498481910792794,0.501518089207206,0.6367675858695501,0.6406460414514012,0.1761089501136207,0.8238910498863793,0.00018234472920676683,0.0008530638146419584,-0.3223729606791733,0.0,0.9672366732285234,0.9672366732285234,0.07959842681884766,0.08163070678710938,-0.0020322799682617188
34,8,8,rank,0.49898444128168645,0.5010155587183136,0.7703172267945656,0.7734528049243353,0.02839650870794941,0.9716034912920506,2.7459097547072215e-05,0.0009395293090148359,-0.47058793257373704,0.0,0.9543163245303465,0.9543163245303465,0.0925283432006836,0.08102607727050781,0.011502265930175781
34,9,7,rank,0.49002456004945316,0.5099754399505468,0.6799103665255265,0.707592264787295,0.14899423552676797,0.8510057644732321,0.0002659500013995397,0.00151901829324523,-0.3410303245226852,0.0,0.9485818405295415,0.9485818405295415,0.11669254302978516,0.13978004455566406,-0.023087501525878906
34,10,6,rank,0.38192032156608413,0.6180796784339159,0.1846372364689991,0.29880715233359845,0.001890146698284379,0.9981098533017156,1.3145243675244633e-05,0.0069414702357272,-0.3800301748677998,0.0,0.9560629415713242,0.9560629415713242,0.06374835968017578,0.0668497085571289,-0.003101348876953125
