season,week,n_contestants,actual_method,cf_method,actual_eliminated,cf_eliminated,actual_eliminated_idx,cf_eliminated_idx,elimination_flipped,actual_margin,cf_margin,rank_tau,rank_rho
1,1,6,rank,percent,Trista Sutter,Trista Sutter,5,5,False,3.0,0.10522392364723887,0.41403933560541256,0.550782483869826
1,2,6,rank,percent,Trista Sutter,Trista Sutter,5,5,False,3.0,0.13948637614512385,0.8944271909999159,0.9411239481143202
1,3,5,rank,percent,Evander Holyfield,Evander Holyfield,2,2,False,5.0,0.21317895837133294,0.6324555320336759,0.7071067811865475
1,4,4,rank,percent,Rachel Hunter,Rachel Hunter,2,2,False,1.0,0.12491649436477997,0.5477225575051662,0.632455532033676
2,1,10,rank,percent,Kenny Mayne,Kenny Mayne,9,9,False,4.0,0.09038263156264797,0.7640931774583409,0.8753839828992931
2,2,9,rank,percent,Tatum O'Neal,Tatum O'Neal,0,0,False,3.5,0.08418128775087991,0.8994012224377722,0.9662404926596548
2,3,8,rank,percent,Giselle Fernandez,Giselle Fernandez,5,5,False,2.5,0.09363827270538719,0.836501912571304,0.9221722216732094
2,4,7,rank,percent,Master P,Master P,5,5,False,4.0,0.18276131225239217,0.9047619047619049,0.9642857142857145
2,5,6,rank,percent,Tia Carrere,Tia Carrere,0,0,False,3.0,0.08625284363847541,0.9660917830792959,0.9856107606091624
2,6,5,rank,percent,George Hamilton,George Hamilton,0,0,False,2.5,0.14802436646358258,0.9999999999999999,0.9999999999999999
2,7,4,rank,percent,Lisa Rinna,Lisa Rinna,0,0,False,2.0,0.16231556322359264,0.6666666666666669,0.7999999999999999
3,1,11,percent,rank,Tucker Carlson,Tucker Carlson,10,10,False,0.041012572707414346,3.0,0.9349469900084573,0.9816926905710049
3,2,10,percent,rank,Shanna Moakler,Jerry Springer,6,9,True,0.006778593831050728,3.0,0.8539864924534399,0.9422535927041001
3,3,9,percent,rank,Harry Hamlin,Emmitt Smith,0,5,True,0.0335294787603469,0.0,0.760638829255665,0.8954053273686237
3,4,8,percent,rank,Vivica A. Fox,Jerry Springer,0,7,True,0.020464230355804414,1.0,0.8894991799933215,0.9639253854237598
3,5,7,percent,rank,Willa Ford,Jerry Springer,4,6,True,0.022469727180097182,3.0,0.5855400437691199,0.7567874686642696
3,7,5,percent,rank,Jerry Springer,Jerry Springer,4,4,False,0.1879075303660744,4.0,0.7378647873726218,0.8207826816681233
3,8,4,percent,rank,Monique Coleman,Monique Coleman,0,0,False,0.18533427872639463,2.5,1.0,1.0
4,1,11,percent,rank,Paulina Porizkova,Leeza Gibbons,6,10,True,0.007502545154978529,3.0,0.8705196492275474,0.9406490758530798
4,2,11,percent,rank,Paulina Porizkova,Shandi Finnessey,6,5,True,0.023107348606713374,1.5,0.8545454545454545,0.9545454545454546
4,3,10,percent,rank,Shandi Finnessey,John Ratzenberger,5,0,True,0.017822769865422583,0.0,0.8865926413116155,0.9634325446441845
4,4,9,percent,rank,Leeza Gibbons,Leeza Gibbons,8,8,False,0.048586017397028225,1.0,0.8888888888888888,0.9500000000000001
4,5,8,percent,rank,Clyde Drexler,Clyde Drexler,2,2,False,0.09080089346096748,4.0,0.836501912571304,0.934148484292342
4,6,7,percent,rank,Heather Mills,John Ratzenberger,4,0,True,0.047991005464524394,1.0,0.8095238095238096,0.9285714285714288
4,7,6,percent,rank,John Ratzenberger,John Ratzenberger,0,0,False,0.08880056365440114,1.0,0.9999999999999999,1.0
4,8,5,percent,rank,Billy Ray Cyrus,Billy Ray Cyrus,3,3,False,0.15602463544560358,2.0,0.9999999999999999,0.9999999999999999
4,9,4,percent,rank,Ian Ziering,Ian Ziering,0,0,False,0.19253328260336977,3.0,1.0,1.0
5,1,12,percent,rank,Josie Maran,Josie Maran,5,5,False,0.04503836086132469,6.0,0.9539590550898286,0.9894797752097304
5,2,11,percent,rank,Albert Reed,Wayne Newton,5,8,True,0.010904573084684482,0.0,0.8807710121010884,0.961278120390013
5,3,10,percent,rank,Wayne Newton,Wayne Newton,7,7,False,0.04849630421933332,2.0,0.9660917830792959,0.9878044218151566
5,4,9,percent,rank,Floyd Mayweather Jr. ,Floyd Mayweather Jr. ,4,4,False,0.023194569923112862,0.0,0.8574929257125441,0.94120970363394
5,5,8,percent,rank,Mark Cuban,Mark Cuban,7,7,False,0.06802003655021441,2.0,0.9999999999999998,1.0
5,6,7,percent,rank,Sabrina Bryan,Jane Seymour,2,1,True,0.047697068583555824,1.5,0.9047619047619049,0.9642857142857145
5,7,6,percent,rank,Jane Seymour,Jane Seymour,1,1,False,0.09996553878622477,3.5,0.9999999999999999,1.0
5,8,5,percent,rank,Cameron Mathison,Cameron Mathison,0,0,False,0.12241344421931094,0.0,0.7378647873726218,0.8720815992723809
5,9,4,percent,rank,Jennie Garth,Jennie Garth,0,0,False,0.16123219292626717,1.0,0.6666666666666669,0.7999999999999999
6,1,12,percent,rank,Penn Jillette,Adam Carolla,9,10,True,0.02526343557037114,0.5,0.9313248452425005,0.9842396880153765
6,2,12,percent,rank,Monica Seles,Monica Seles,8,8,False,0.01504962905482192,3.0,0.9618600860701234,0.99124495269876
6,3,10,percent,rank,Steve Guttenberg,Steve Guttenberg,1,1,False,0.03416026814999765,1.0,0.911111111111111,0.9636363636363635
6,4,9,percent,rank,Adam Carolla,Adam Carolla,7,7,False,0.06764438964005146,2.0,0.9444444444444445,0.9833333333333333
6,5,8,percent,rank,Priscilla Presley,Priscilla Presley,1,1,False,0.0769904598502279,2.0,0.9819805060619656,0.9940297973880048
6,6,7,percent,rank,Marlee Matlin,Marlee Matlin,1,1,False,0.10420498500271341,3.5,0.8783100656536799,0.9369749612033814
6,7,6,percent,rank,Shannon Elizabeth,Shannon Elizabeth,1,1,False,0.09610608154837583,2.0,0.6900655593423543,0.8116794499134279
6,8,5,percent,rank,Mario,Jason Taylor,4,2,True,0.11961706246809456,0.0,0.7378647873726218,0.8207826816681233
6,9,4,percent,rank,Marissa Jaret Winokur,Marissa Jaret Winokur,1,1,False,0.19432392937843546,3.0,1.0,1.0
7,1,13,percent,rank,Jeffrey Ross,Jeffrey Ross,7,7,False,0.012141188084231314,2.0,0.8717948717948716,0.967032967032967
7,2,11,percent,rank,Kim Kardashian,Cloris Leachman,8,0,True,0.015441075705591861,1.0,0.9349469900084573,0.9816926905710049
7,3,9,percent,rank,Cloris Leachman,Cloris Leachman,0,0,False,0.06828243018499433,2.0,0.8994012224377722,0.9492889050691345
7,4,9,percent,rank,Rocco DiSpirito,Rocco DiSpirito,7,7,False,0.07451011387675668,5.0,0.8574929257125441,0.94120970363394
7,5,8,percent,rank,Toni Braxton,Cloris Leachman,5,0,True,0.03365357464450219,1.0,0.9092412093166349,0.9700772721497397
7,6,7,percent,rank,Cloris Leachman,Cloris Leachman,0,0,False,0.12676550809377776,3.5,0.8783100656536799,0.9549937104572925
7,7,6,percent,rank,Susan Lucci,Susan Lucci,0,0,False,0.09310988206868168,1.0,0.8280786712108251,0.9276336570439175
7,8,5,percent,rank,Maurice Greene,Maurice Greene,1,1,False,0.13850645728043415,3.0,0.9486832980505137,0.9746794344808964
7,9,4,percent,rank,Cody Linley,Cody Linley,0,0,False,0.18689581534005312,2.5,1.0,1.0
8,1,13,percent,rank,Ty Murray,Ty Murray,4,4,False,0.0028374110322228474,0.0,0.987096233585649,0.9972489631508746
8,2,13,percent,rank,Belinda Carlisle,Steve Wozniak,7,6,True,0.008730492337433865,1.0,0.9677620764234546,0.9931233604247167
8,3,12,percent,rank,Steve Wozniak,Steve Wozniak,6,6,False,0.0176728988000672,1.0,0.8702543635872545,0.9527159969401509
8,4,11,percent,rank,Steve Wozniak,Steve Wozniak,5,5,False,0.05742805284605412,2.0,0.9272727272727274,0.9818181818181818
8,5,9,percent,rank,David Alan Grier,Lawrence Taylor,1,2,True,0.029209392190075845,1.0,0.8733260632194672,0.9623515200690814
8,6,8,percent,rank,Steve-O,Steve-O,6,6,False,0.08049002855440265,3.0,0.9285714285714285,0.9761904761904763
8,7,7,percent,rank,Lawrence Taylor,Lawrence Taylor,1,1,False,0.10699909682928427,4.0,0.8095238095238096,0.8928571428571429
8,8,6,percent,rank,Chuck Wicks,Chuck Wicks,3,3,False,0.0799634892532361,2.0,0.9999999999999999,1.0
8,9,5,percent,rank,Lil' Kim,Ty Murray,3,1,True,0.09607062215800105,0.0,0.9486832980505137,0.9746794344808964
8,10,4,percent,rank,Ty Murray,Ty Murray,1,1,False,0.20727602928867023,2.0,1.0,1.0
9,1,16,percent,rank,Ashley Hamiliton,Ashley Hamiliton,0,0,False,0.003909095116964342,4.0,0.9030259356496025,0.9786317209154992
9,2,14,percent,rank,Kathy Ireland,Kathy Ireland,8,8,False,0.013328950126109407,1.0,0.9723905313933007,0.9945000517380604
9,3,13,percent,rank,Debi Mazar,Tom DeLay,0,8,True,5.686519060410511e-05,0.5,0.9677620764234546,0.9931233604247167
9,4,11,percent,rank,Chuck Liddell,Chuck Liddell,2,2,False,0.03453207978747394,0.5,0.8073734277593311,0.9202757361079746
9,5,10,percent,rank,Natalie Coughlin,Natalie Coughlin,2,2,False,0.03799076977177912,0.5,0.9888264649460884,0.996965091635306
9,6,9,percent,rank,Melissa Joan Hart,Melissa Joan Hart,0,0,False,0.03847225924032177,2.0,0.9128709291752769,0.9574271077563381
9,7,7,percent,rank,Mark Dacascos,Mark Dacascos,0,0,False,0.08243092867051,3.0,1.0,1.0
9,8,5,percent,rank,Aaron Carter,Aaron Carter,1,1,False,0.11809061793012554,3.0,0.7378647873726218,0.8207826816681233
9,9,4,percent,rank,Joanna Krupa,Joanna Krupa,0,0,False,0.16851766910861166,0.0,0.7071067811865477,0.7745966692414834
10,1,11,percent,rank,Buzz Aldrin,Buzz Aldrin,3,3,False,0.005795827570330675,3.0,0.9174698042719671,0.9749455818173591
10,2,11,percent,rank,Buzz Aldrin,Buzz Aldrin,3,3,False,0.03591250798265985,3.5,0.9174698042719671,0.9703897613415771
10,3,10,percent,rank,Buzz Aldrin,Buzz Aldrin,2,2,False,0.07283036256742798,4.0,0.9999999999999999,0.9999999999999999
10,4,9,percent,rank,Aiden Turner,Aiden Turner,0,0,False,0.049518865870300854,4.0,0.9146591207600471,0.9664206778384206
10,5,8,percent,rank,Kate Gosselin,Kate Gosselin,6,6,False,0.08580034921957924,4.5,0.836501912571304,0.9221722216732094
10,6,7,percent,rank,Jake Pavelka,Jake Pavelka,6,6,False,0.08050068789988685,4.0,0.9759000729485332,0.9910312089651149
10,7,6,percent,rank,Pamela Anderson,Pamela Anderson,3,3,False,0.07989990623437304,1.0,0.9999999999999999,1.0
10,8,5,percent,rank,Niecy Nash,Niecy Nash,0,0,False,0.1437516235635849,3.5,0.9999999999999999,0.9999999999999999
10,9,4,percent,rank,Chad Ochocinco,Chad Ochocinco,0,0,False,0.16598757973612605,2.0,1.0,1.0
11,1,12,percent,rank,David Hasselhoff,David Hasselhoff,0,0,False,0.032148211984266414,2.0,0.909090909090909,0.9720279720279721
11,2,11,percent,rank,Michael Bolton,Michael Bolton,6,6,False,0.06279971352011779,3.5,0.8807710121010884,0.961278120390013
11,3,10,percent,rank,Margaret Cho,Margaret Cho,5,5,False,0.05001294076085078,3.0,0.9438798074485389,0.9848069807617047
11,4,9,percent,rank,The Situation,The Situation,6,6,False,0.05695327492521393,2.0,0.8733260632194672,0.9623515200690814
11,5,8,percent,rank,Florence Henderson,Bristol Palin,0,7,True,0.046555741973588805,1.0,0.9285714285714285,0.9761904761904763
11,6,7,percent,rank,Audrina Patridge,Kurt Warner,5,3,True,0.027348919312876085,0.0,0.7509392614826382,0.8365019125713042
11,7,6,percent,rank,Rick Fox,Rick Fox,2,2,False,0.09175498163053292,1.0,0.9999999999999999,1.0
11,8,5,percent,rank,Kurt Warner,Kurt Warner,2,2,False,0.11328014131966263,0.0,0.7378647873726218,0.8720815992723809
11,9,4,percent,rank,Brandy,Brandy,2,2,False,0.1476992099998239,0.0,0.8164965809277261,0.8944271909999159
12,1,11,percent,rank,Mike Catherwood,Mike Catherwood,7,7,False,0.033063012682259724,3.0,0.9816498172140428,0.9954441676503464
12,2,11,percent,rank,Mike Catherwood,Mike Catherwood,7,7,False,0.025871019582147936,1.0,0.9908673886137245,0.9977246841962695
12,3,10,percent,rank,Wendy Williams,Wendy Williams,8,8,False,0.07158471419738241,4.5,0.8222222222222221,0.9030303030303028
12,4,9,percent,rank,Sugar Ray Leonard,Sugar Ray Leonard,4,4,False,0.041336820583403516,1.0,1.0,1.0
12,5,8,percent,rank,Petra Nemcova,Petra Nemcova,5,5,False,0.06422145678995375,2.0,0.9092412093166349,0.9581010095306072
12,6,7,percent,rank,Chris Jericho,Chris Jericho,4,4,False,0.0898428946706748,3.0,1.0,1.0
12,7,6,percent,rank,Kendra Wilkinson,Kirstie Alley,5,2,True,0.08575527170300201,0.5,0.4666666666666666,0.6571428571428573
12,8,5,percent,rank,Romeo,Romeo,4,4,False,0.10258674140956742,1.0,0.9999999999999999,0.9999999999999999
12,9,4,percent,rank,Ralph Macchio,Ralph Macchio,0,0,False,0.18502494888955812,2.0,1.0,1.0
13,1,12,percent,rank,Metta World Peace (Ron),Metta World Peace (Ron),4,4,False,0.02702514663423647,3.5,0.9393939393939392,0.9790209790209792
13,2,11,percent,rank,Elisabetta Canalis,Chaz Bono,0,8,True,0.005397151206877671,0.5,0.8909090909090909,0.9636363636363637
13,3,10,percent,rank,Kristin Cavallari,Chaz Bono,5,7,True,0.012708574663170824,0.0,0.8090398349558905,0.9361745372672995
13,4,9,percent,rank,Chynna Phillips,Chynna Phillips,4,4,False,0.037531050183194525,1.0,0.97182531580755,0.991631652042901
13,5,8,percent,rank,Carson Kressley,Carson Kressley,4,4,False,0.06887660546402147,3.0,0.836501912571304,0.9461247469114746
13,6,7,percent,rank,Chaz Bono,Chaz Bono,4,4,False,0.10253622781916372,4.0,0.9047619047619049,0.9642857142857145
13,7,6,percent,rank,David Arquette,David Arquette,0,0,False,0.07311998012497234,0.0,0.7877263614433762,0.8827348295047495
13,8,5,percent,rank,Nancy Grace,Nancy Grace,3,3,False,0.16856023745540277,2.0,0.9999999999999999,0.9999999999999999
13,9,4,percent,rank,Hope Solo,Hope Solo,2,2,False,0.2199629149504892,3.0,1.0,1.0
14,1,12,percent,rank,Martina Navratilova,Martina Navratilova,6,6,False,0.03490235610566671,1.0,0.8397191227596315,0.9176896735232337
14,2,12,percent,rank,Martina Navratilova,Martina Navratilova,6,6,False,0.031284644813374285,2.0,0.8091838819320086,0.8896686147896997
14,3,11,percent,rank,Jack Wagner,Jack Wagner,1,1,False,0.03329505614668565,1.0,0.9075630385563792,0.9680466217517132
14,4,10,percent,rank,Sherri Sheperd,Sherri Sheperd,1,1,False,0.024917723232399075,0.0,0.9775252199076786,0.9939209163101398
14,5,9,percent,rank,Gavin DeGraw,Gavin DeGraw,5,5,False,0.04499948971749396,3.0,0.8733260632194672,0.9456149718939671
14,6,8,percent,rank,Gladys Knight,Gladys Knight,5,5,False,0.08071469518608965,3.0,0.9819805060619656,0.9940297973880048
14,7,7,percent,rank,Jaleel White,Jaleel White,1,1,False,0.06868075302199766,3.0,0.9047619047619049,0.9642857142857145
14,8,6,percent,rank,Roshon Fegan,Melissa Gilbert,1,2,True,0.07714454292324752,2.0,0.6,0.7714285714285715
14,9,4,percent,rank,Maria Menounos,Donald Driver,3,1,True,0.17163392524525056,1.0,0.18257418583505539,0.316227766016838
15,1,13,percent,rank,Pamela Anderson,Pamela Anderson,7,7,False,0.039351111671105624,2.0,0.7897471897389845,0.8962869933012612
15,2,12,percent,rank,Joey Fatone,Kirstie Alley,8,2,True,0.0007302796956155655,1.0,0.8616404368553291,0.9614094269768303
15,3,11,percent,rank,Helio Castroneves,Bristol Palin,7,9,True,0.02974502120681541,0.5,0.6853027025833884,0.8356251499083184
15,4,9,percent,rank,Bristol Palin,Kirstie Alley,7,2,True,0.03949830094805104,0.0,0.8574929257125441,0.94120970363394
15,5,8,percent,rank,Emmitt Smith,Kirstie Alley,5,2,True,0.048580455769261566,0.0,0.7637626158259733,0.8982196964349441
15,6,8,percent,rank,Sabrina Bryan,Emmitt Smith,1,5,True,0.034832201699327936,4.5,0.6428571428571428,0.7857142857142858
15,7,7,percent,rank,Melissa Rycroft,Kirstie Alley,6,1,True,0.021162038012388334,3.0,0.5855400437691199,0.7387687194103585
15,8,7,percent,rank,Gilles Marini,Kirstie Alley,0,1,True,0.03683748847441029,3.5,0.7807200583588265,0.9189562119494703
15,9,5,percent,rank,Apolo Anton Ohno,Apolo Anton Ohno,1,1,False,0.11892643733294472,0.0,0.8944271909999159,0.9486832980505138
16,1,12,percent,rank,D. L. Hughley,D. L. Hughley,6,6,False,0.020485401674696813,0.0,0.8397191227596315,0.9562186292818428
16,2,12,percent,rank,Wynonna Judd,Dorothy Hamill,8,2,True,0.0009100073857266078,0.0,0.9149761402251629,0.9736514943497644
16,3,11,percent,rank,Wynonna Judd,Wynonna Judd,7,7,False,0.01957961058093409,2.0,0.9636363636363636,0.990909090909091
16,4,10,percent,rank,Lisa Vanderpump,Lisa Vanderpump,8,8,False,0.04927315117196002,3.0,0.911111111111111,0.9757575757575757
16,5,9,percent,rank,D. L. Hughley,D. L. Hughley,5,5,False,0.04262649764856913,1.0,0.9296696802013682,0.9790880682441959
16,6,8,percent,rank,Victor Ortiz,Victor Ortiz,2,2,False,0.05158190855145267,2.0,0.9285714285714285,0.9761904761904763
16,7,7,percent,rank,Andy Dick,Andy Dick,4,4,False,0.1308029053695683,2.0,0.9258200997725515,0.9636241116594316
16,8,6,percent,rank,Sean Lowe,Sean Lowe,5,5,False,0.1284568187471228,4.0,0.894427190999916,0.9411239481143202
16,9,5,percent,rank,Ingo Rademacher,Ingo Rademacher,0,0,False,0.1474531813496044,3.0,0.6,0.7999999999999999
16,10,4,percent,rank,Alexandra Raisman,Alexandra Raisman,1,1,False,0.18445432159385577,1.0,1.0,1.0
17,1,12,percent,rank,Bill Nye,Bill Nye,11,11,False,0.01760136622476885,2.5,0.8924133096001623,0.9684270140350553
17,2,12,percent,rank,Keyshawn Johnson,Keyshawn Johnson,6,6,False,0.014558764669734908,1.0,0.9923953268977463,0.9982502173821435
17,3,11,percent,rank,Bill Nye,Bill Nye,10,10,False,0.032589910847976064,1.0,0.8545454545454545,0.9545454545454546
17,4,10,percent,rank,Valerie Harper,Valerie Harper,0,0,False,0.051380805025892345,2.5,0.9438798074485389,0.9787279253249042
17,5,9,percent,rank,Bill Engvall,Bill Engvall,5,5,False,0.0014269721789862688,2.0,0.760638829255665,0.8870370532810664
17,6,8,percent,rank,Jack Osbourne,Bill Engvall,7,5,True,0.02638484577304323,0.0,0.9063269671749657,0.9636241116594317
17,7,8,percent,rank,"Nicole ""Snooki"" Polizzi",Bill Engvall,6,5,True,0.02835071305159742,1.5,0.9285714285714285,0.9761904761904763
17,8,7,percent,rank,Brant Daugherty,Bill Engvall,0,5,True,0.023096792942882638,1.0,0.8783100656536799,0.9549937104572925
17,9,6,percent,rank,Elizabeth Berkley Lauren,Bill Engvall,0,4,True,0.028397135480333346,3.0,0.7333333333333333,0.8857142857142858
17,10,5,percent,rank,Leah Remini,Leah Remini,0,0,False,0.09035991454538578,0.0,0.9486832980505137,0.9746794344808964
17,11,4,percent,rank,Bill Engvall,Bill Engvall,2,2,False,0.22591191535529304,2.0,0.9128709291752769,0.9486832980505139
18,1,12,percent,rank,Billy Dee Williams,Billy Dee Williams,0,0,False,0.010149912602396366,3.0,0.9923953268977463,0.9982502173821435
18,2,11,percent,rank,Billy Dee Williams,Billy Dee Williams,0,0,False,0.007847141050572187,1.5,0.9272727272727274,0.9727272727272729
18,3,9,percent,rank,NeNe Leakes,Drew Carey,8,6,True,0.029856229245120047,0.0,0.8733260632194672,0.9623515200690814
18,4,9,percent,rank,Danica McKellar,Danica McKellar,0,0,False,0.03424807904103508,1.5,0.760638829255665,0.8703005051059519
18,5,9,percent,rank,Cody Simpson,Drew Carey,7,6,True,0.001163110225468278,0.0,0.9146591207600471,0.9748243359065808
18,6,8,percent,rank,Drew Carey,Drew Carey,6,6,False,0.0710262340078496,2.5,0.8571428571428571,0.9285714285714287
18,7,7,percent,rank,NeNe Leakes,NeNe Leakes,6,6,False,0.1014233143932978,3.0,0.9511897312113419,0.981980506061966
18,8,6,percent,rank,Danica McKellar,Danica McKellar,0,0,False,0.09327036585873838,0.0,0.8280786712108251,0.9276336570439175
18,9,5,percent,rank,Charlie White,Candace Cameron Bure,2,1,True,0.12254313297475056,0.5,0.7999999999999999,0.8999999999999998
18,10,4,percent,rank,James Maslow,James Maslow,0,0,False,0.17001205445693163,2.0,0.9128709291752769,0.9486832980505139
19,1,13,percent,rank,Lolo Jones,Lolo Jones,5,5,False,0.004687251806777967,1.0,0.9743589743589742,0.9945054945054945
19,2,12,percent,rank,Tavis Smiley,Tavis Smiley,9,9,False,0.015488995890658414,0.5,0.9618600860701234,0.99124495269876
19,3,11,percent,rank,Randy Couture,Randy Couture,5,5,False,0.03366064696156973,3.0,0.8440722199302098,0.9430548384868849
19,4,10,percent,rank,Betsey Johnson,Tommy Chong,6,5,True,0.02465517433543829,0.0,0.8989331499509895,0.960490759014502
19,5,9,percent,rank,Tommy Chong,Tommy Chong,5,5,False,0.03314324343530911,0.0,0.6859943405700353,0.8571731229523383
19,6,9,percent,rank,Jonathan Bennett,Tommy Chong,1,5,True,0.005833825815613952,2.0,0.8888888888888888,0.9666666666666667
19,7,8,percent,rank,Antonio Sabato Jr.,Antonio Sabato Jr.,0,0,False,0.030220123324277176,0.0,0.8153742483272113,0.9157291161525718
19,8,7,percent,rank,Michael Waltrip,Michael Waltrip,4,4,False,0.08628974945825885,2.0,1.0,1.0
19,9,6,percent,rank,Lea Thompson,Lea Thompson,0,0,False,0.03739332343569368,0.0,0.9309493362512627,0.9710083124552245
19,10,5,percent,rank,Tommy Chong,Tommy Chong,2,2,False,0.17035826361507742,3.0,0.7999999999999999,0.8999999999999998
19,11,4,percent,rank,Bethany Mota,Bethany Mota,2,2,False,0.19498740254641078,3.0,0.6666666666666669,0.7999999999999999
20,1,12,percent,rank,Redfoo,Redfoo,9,9,False,0.023982795872251272,3.0,0.8702543635872545,0.9492133645984593
20,2,12,percent,rank,Chris Soules,Charlotte McKinney,11,7,True,0.01203913536573889,0.0,0.9007896044148774,0.9667265263069179
20,3,11,percent,rank,Charlotte McKinney,Charlotte McKinney,7,7,False,0.035753924691939734,2.0,0.9075630385563792,0.9771791370512576
20,4,10,percent,rank,Michael Sam,Michael Sam,5,5,False,0.02186301666133364,0.5,0.8539864924534399,0.9483326481409007
20,5,9,percent,rank,Suzanne Somers,Robert Herjavec,0,5,True,0.023074911285850236,2.5,0.816982446237566,0.9372466978064098
20,6,8,percent,rank,Patti LaBelle,Robert Herjavec,6,4,True,0.039043955626593574,0.5,0.9285714285714285,0.9761904761904763
20,7,7,percent,rank,Willow Shields,Robert Herjavec,0,4,True,0.01840373651114416,2.0,0.8095238095238096,0.8928571428571429
20,8,6,percent,rank,Robert Herjavec,Robert Herjavec,3,3,False,0.1057266220652121,2.0,0.9660917830792959,0.9856107606091623
20,9,4,percent,rank,Nastia Liukin,Noah Galloway,2,3,True,0.15354112708465806,1.5,0.6666666666666669,0.7999999999999999
21,1,13,percent,rank,Kim Zolciak-Biermann,Kim Zolciak-Biermann,11,11,False,0.002921274840981078,1.0,0.8950468150375157,0.9654449403152474
21,2,13,percent,rank,Victor Espinoza,Victor Espinoza,3,3,False,0.007995738585535248,0.0,0.8129201441957018,0.9215964702002218
21,3,10,percent,rank,Paula Deen,Paula Deen,9,9,False,0.005593137430470935,2.0,0.9775252199076786,0.9939209163101398
21,4,10,percent,rank,Gary Busey,Gary Busey,0,0,False,0.037267783086735964,2.0,0.9660917830792959,0.9908673886137245
21,5,9,percent,rank,Tamar Braxton,Tamar Braxton,4,4,False,0.01140127563833751,0.5,0.9296696802013682,0.9790880682441959
21,6,9,percent,rank,Paula Deen,Paula Deen,8,8,False,0.07122620139300276,3.5,0.9296696802013682,0.9790880682441959
21,7,8,percent,rank,Hayes Grier,Alek Skarlatos,6,2,True,0.05144041632272295,3.0,0.6428571428571428,0.8571428571428572
21,8,7,percent,rank,Andy Grammer,Andy Grammer,3,3,False,0.058567899276854185,2.0,0.9047619047619049,0.9642857142857145
21,9,6,percent,rank,Alexa PenaVega,Alek Skarlatos,0,2,True,0.053147841770892046,2.5,0.6900655593423543,0.8406680016960503
21,11,4,percent,rank,Carlos PenaVega,Alek Skarlatos,0,1,True,0.14231570243424047,1.0,0.6666666666666669,0.7999999999999999
22,1,12,percent,rank,Geraldo Rivera,Geraldo Rivera,7,7,False,0.04325994996938923,2.0,0.9313248452425005,0.9807370556736849
22,2,12,percent,rank,Geraldo Rivera,Geraldo Rivera,7,7,False,0.06887014143817381,6.5,0.8702543635872545,0.9457107322567676
22,3,11,percent,rank,Mischa Barton,Mischa Barton,0,0,False,0.029325264597021033,4.0,0.8807710121010884,0.9703897613415771
22,4,10,percent,rank,Marla Maples,Doug Flutie,9,2,True,0.030907577668582986,0.0,0.8740830418336487,0.9419356657192195
22,5,9,percent,rank,Antonio Brown,Antonio Brown,4,4,False,0.0526331466890482,3.5,0.9860132971832692,0.9958246164193105
22,6,9,percent,rank,Doug Flutie,Doug Flutie,2,2,False,0.05700286924886902,3.0,0.8888888888888888,0.9666666666666667
22,7,8,percent,rank,Kim Fields,Kim Fields,0,0,False,0.051622500380312075,3.0,0.7637626158259733,0.8742671711966791
22,8,6,percent,rank,Jodie Sweetin,Wanya Morris,0,5,True,0.07501474910393136,0.5,0.27602622373694163,0.3768511731740915
22,9,5,percent,rank,Antonio Brown,Antonio Brown,0,0,False,0.10804193139615798,2.0,0.9999999999999999,0.9999999999999999
23,1,13,percent,rank,Rick Perry,Rick Perry,7,7,False,0.01684221805525922,3.5,0.8950468150375157,0.9599123045541285
23,2,13,percent,rank,Rick Perry,Rick Perry,7,7,False,0.008544615487621199,3.0,0.9935690651280801,0.9986254289035241
23,3,12,percent,rank,Rick Perry,Rick Perry,6,6,False,0.046378507708090905,4.5,0.8308675641104959,0.9333390787439302
23,4,11,percent,rank,Babyface,Babyface,7,7,False,0.03671786119273579,2.0,0.8334762598987157,0.9406490758530798
23,5,9,percent,rank,Terra Jole,Amber Rose,8,5,True,0.03048236819811892,2.0,0.7431605356175383,0.8823840971568188
23,6,9,percent,rank,Amber Rose,Amber Rose,5,5,False,0.057728020596610974,4.0,0.9444444444444445,0.9833333333333333
23,7,8,percent,rank,Maureen McCormick,Marilu Henner,0,1,True,0.06075333243898809,0.5,0.7857142857142856,0.9285714285714287
23,8,7,percent,rank,Ryan Lochte,Marilu Henner,1,0,True,0.0553133709102962,1.0,0.7807200583588265,0.900937462695559
23,9,6,percent,rank,Marilu Henner,Marilu Henner,0,0,False,0.09587584684129574,1.0,0.9999999999999999,1.0
23,10,5,percent,rank,Terra Jole,Calvin Johnson Jr.,4,0,True,0.11822161263159481,0.0,0.10540925533894598,0.20519567041703082
23,11,4,percent,rank,Jana Kramer,Jana Kramer,3,3,False,0.1833257152137599,4.0,0.7071067811865477,0.7745966692414834
24,1,12,percent,rank,Chris Kattan,Chris Kattan,8,8,False,0.040939639112831286,3.0,0.9847319278346618,0.9964973622679555
24,2,12,percent,rank,Chris Kattan,Chris Kattan,8,8,False,0.021074518719443158,1.0,0.9999999999999998,1.0
24,3,11,percent,rank,Charo,Charo,0,0,False,0.0387481588686279,1.0,0.9174698042719671,0.9795014022931412
24,4,10,percent,rank,Mr. T,Mr. T,0,0,False,0.050305873529123996,3.5,0.8865926413116155,0.9634325446441845
24,5,9,percent,rank,Erika Jayne,David Ross,6,4,True,0.0386028828470881,0.5,0.7042952122737639,0.8786687791935092
24,6,8,percent,rank,Heather Morris,Nick Viall,0,7,True,0.025777329494624246,4.0,0.6943650748294137,0.7488186396138605
24,7,7,percent,rank,Nancy Kerrigan,Nancy Kerrigan,0,0,False,0.07143877519683495,0.0,0.8510644963469901,0.909241209316635
24,8,5,percent,rank,Bonner Bolton,Bonner Bolton,0,0,False,0.1509786160944066,3.0,0.9486832980505137,0.9746794344808964
24,9,4,percent,rank,Simone Biles,David Ross,0,1,True,0.15848319268150746,2.0,0.5477225575051662,0.7378647873726218
25,1,13,percent,rank,Drew Scott,Barbara Corcoran,11,7,True,0.008605207036510576,1.0,0.8974358974358972,0.9725274725274725
25,2,13,percent,rank,Barbara Corcoran,Barbara Corcoran,7,7,False,0.04521211266385876,2.5,0.8903411103095781,0.9601109495518729
25,3,11,percent,rank,Nick Lachey,Nick Lachey,8,8,False,0.029970832395649794,2.0,0.9272727272727274,0.9818181818181818
25,4,11,percent,rank,Derek Fisher,Derek Fisher,3,3,False,0.03994403131781232,5.5,0.9272727272727274,0.9727272727272729
25,5,10,percent,rank,Sasha Pieterse,Sasha Pieterse,0,0,False,0.036283633956057076,2.0,0.9555555555555554,0.9878787878787878
25,6,9,percent,rank,Nick Lachey,Nick Lachey,6,6,False,0.053173318839774164,2.0,0.9146591207600471,0.9664206778384206
25,7,8,percent,rank,Nikki Bella,Nikki Bella,2,2,False,0.05579974840872837,2.0,0.9819805060619656,0.9940297973880048
25,8,6,percent,rank,Terrell Owens,Drew Scott,2,5,True,0.0785410436839411,1.0,0.8666666666666666,0.942857142857143
25,9,5,percent,rank,Victoria Arlen,Drew Scott,2,4,True,0.09612386721657123,1.0,0.7378647873726218,0.8720815992723809
25,10,4,percent,rank,Drew Scott,Drew Scott,3,3,False,0.19247542122013228,3.5,0.6666666666666669,0.7999999999999999
26,1,10,percent,rank,Jamie Anderson,Kareem Abdul-Jabbar,0,2,True,0.014136749430315704,1.0,0.9320589306096471,0.9817255676437577
26,2,8,percent,rank,Kareem Abdul-Jabbar,Kareem Abdul-Jabbar,0,0,False,0.07939215328722654,4.5,0.7412493166611012,0.8675328468813838
26,3,6,percent,rank,Jennie Finch Daigle,Jennie Finch Daigle,0,0,False,0.12037273618735422,3.5,0.9660917830792959,0.9856107606091623
27,1,13,percent,rank,Nikki Glaser,Nikki Glaser,8,8,False,0.014975188634195155,2.0,0.9351438002390358,0.9807199748113574
27,2,12,percent,rank,Danelle Umstead,Danelle Umstead,5,5,False,0.03125809299761474,4.0,0.9618600860701234,0.99124495269876
27,3,11,percent,rank,Nancy McKeon,Nancy McKeon,2,2,False,0.018439379533002287,0.0,0.8705196492275474,0.9589141064521686
27,4,10,percent,rank,Joe Amabile,Joe Amabile,9,9,False,0.01815913977753883,3.0,0.7956600627155523,0.8963581269790831
27,5,9,percent,rank,Joe Amabile,Bobby Bones,8,6,True,0.01674668545273536,0.0,0.8838834764831843,0.9492889050691345
27,6,9,percent,rank,Mary Lou Retton,John Schneider,4,2,True,0.024825481881954853,2.0,0.9444444444444445,0.9833333333333333
27,7,8,percent,rank,John Schneider,John Schneider,2,2,False,0.053149216223412316,0.0,0.9819805060619656,0.9940297973880048
27,8,6,percent,rank,Juan Pablo Di Pace,Bobby Bones,0,3,True,0.04003929577894788,2.0,0.6,0.6571428571428573
28,1,12,rank,percent,Sean Spicer,Sean Spicer,6,6,False,3.5,0.009139845551390802,0.9393939393939392,0.9860139860139862
28,2,12,rank,percent,Mary Wilson,Mary Wilson,7,7,False,4.5,0.06155991578041328,0.8091838819320085,0.9106844088398501
28,3,10,rank,percent,Karamo Brown,Karamo Brown,8,8,False,3.0,0.07305828674492643,0.8222222222222221,0.9272727272727272
28,4,10,rank,percent,Lamar Odom,Lamar Odom,3,3,False,2.0,0.06603028881170363,0.911111111111111,0.9636363636363635
28,5,9,rank,percent,James Van Der Beek,James Van Der Beek,1,1,False,0.5,0.03680608374097172,0.14506471329641488,0.18646746349572288
28,6,9,rank,percent,Sailor Brinkley-Cook,Sailor Brinkley-Cook,3,3,False,0.5,0.023756233925589537,0.14967108502231244,0.22229530961845007
28,7,8,rank,percent,Karamo Brown,Karamo Brown,6,6,False,2.0,0.09288525680826515,0.7857142857142856,0.9047619047619048
28,8,7,rank,percent,Kate Flannery,Kate Flannery,0,0,False,4.0,0.11885676531308795,0.816496580927726,0.8964214570007953
28,9,6,rank,percent,Sean Spicer,Sean Spicer,2,2,False,3.0,0.15199130115130488,0.8666666666666666,0.942857142857143
28,10,5,rank,percent,James Van Der Beek,James Van Der Beek,0,0,False,4.0,0.12042229832948581,0.9999999999999999,0.9999999999999999
29,1,15,rank,percent,Carole Baskin,Carole Baskin,12,12,False,2.0,0.010593006210287081,0.9276336570439174,0.9776221472719532
29,2,15,rank,percent,Charles Oakley,Charles Oakley,5,5,False,5.0,0.05086272012662002,0.9238095238095239,0.9785714285714284
29,3,14,rank,percent,Carole Baskin,Carole Baskin,11,11,False,7.0,0.071428109554515,0.8618916073713346,0.9592965100836159
29,4,13,rank,percent,Anne Heche,Anne Heche,0,0,False,6.0,0.05400931885843485,0.6580782119679491,0.7785426897512322
29,5,12,rank,percent,Jesse Metcalfe,Jesse Metcalfe,0,0,False,7.5,0.06686632087019019,0.8397191227596316,0.9281975705483088
29,6,11,rank,percent,Veron Davis,Veron Davis,3,3,False,6.0,0.06540257584579585,0.7706746355884524,0.8974966337290644
29,7,10,rank,percent,Monica Aldama,Monica Aldama,8,8,False,7.0,0.08023714911849125,0.7820743005880014,0.8991204081865277
29,8,8,rank,percent,Chrishell Stause,Chrishell Stause,0,0,False,4.0,0.08260283102564034,0.16116459280507603,0.2536731447159205
29,9,7,rank,percent,AJ McLean,AJ McLean,4,4,False,3.5,0.09693220999274424,0.48795003647426666,0.5765999761251578
29,10,6,rank,percent,Skai Jackson,Skai Jackson,0,0,False,3.5,0.09559471891452587,0.13801311186847084,0.17393131069573453
30,1,15,rank,percent,Martin Kove,Martin Kove,0,0,False,8.5,0.07551573762714994,0.8173454772730305,0.9302340466056989
30,2,15,rank,percent,Martin Kove,Martin Kove,0,0,False,5.0,0.0676454311377105,0.8503308522902577,0.9453928457135371
30,3,14,rank,percent,Christine Chiu,Christine Chiu,11,11,False,3.0,0.04508117807687087,0.3202563076101743,0.3840369177706899
30,4,13,rank,percent,Brian Austin Green,Brian Austin Green,0,0,False,6.0,0.052259031020674224,0.6494054168326637,0.7685979577875526
30,5,11,rank,percent,Melanie C,Melanie C,5,5,False,1.0,0.04689244980845145,0.3519121986239021,0.47489079557631203
30,6,10,rank,percent,Kenya Moore,Kenya Moore,8,8,False,5.0,0.06586859052834121,0.9999999999999999,0.9999999999999999
30,7,9,rank,percent,"Mike ""The Miz"" Mizanin","Mike ""The Miz"" Mizanin",1,1,False,7.0,0.07348954071274086,0.6288281455225324,0.7395219099980958
30,8,8,rank,percent,Jimmie Allen,Jimmie Allen,4,4,False,5.0,0.08372719316811203,0.7937253933193772,0.8539125638299666
30,9,6,rank,percent,Melora Hardin,Melora Hardin,0,0,False,4.0,0.11302880277986607,0.13801311186847084,0.23190841426097936
31,1,16,rank,percent,Jason Lewis,Jason Lewis,0,0,False,3.0,0.036222040051931303,0.9456149718939671,0.9904344108891003
31,2,15,rank,percent,Teresa Giudice,Teresa Giudice,11,11,False,4.0,0.042015290219248796,0.8803928527035957,0.9579985952280842
31,3,14,rank,percent,Cheryl Ladd,Cheryl Ladd,0,0,False,3.0,0.0504674482117793,0.7889375902433132,0.9251123763160025
31,4,13,rank,percent,Sam Champion,Sam Champion,5,5,False,7.5,0.06567605927600158,0.7818857178186831,0.8975379178364569
31,5,12,rank,percent,Joseph Baena,Joseph Baena,1,1,False,6.0,0.05425939122883021,0.6565076777938937,0.7915949092223313
31,6,10,rank,percent,Jessie James Decker,Jessie James Decker,3,3,False,5.5,0.05665442086688527,0.6292532049656926,0.7659609850368815
31,7,9,rank,percent,Jordin Sparks,Jordin Sparks,3,3,False,4.0,0.052411139552649505,0.6859943405700353,0.848769464884178
31,8,8,rank,percent,Heidi D'Amelio,Heidi D'Amelio,3,3,False,5.0,0.09296571859175987,0.5929994533288809,0.7229440390678199
31,9,6,rank,percent,Trevor Donovan,Trevor Donovan,0,0,False,4.5,0.08836036980489409,0.8280786712108251,0.9276336570439174
32,1,14,rank,percent,Matt Walsh,Matt Walsh,6,6,False,2.0,0.049421317528510145,0.9281909617845142,0.9856991663244494
32,2,13,rank,percent,Jamie Lynn Spears,Jamie Lynn Spears,0,0,False,2.5,0.04851489964292362,0.9419550877188291,0.9766171549882948
32,3,12,rank,percent,Tyson Beckford,Tyson Beckford,5,5,False,3.0,0.05630010062080662,0.8839599998785472,0.9507278005253984
32,4,11,rank,percent,Adrian Peterson,Adrian Peterson,4,4,False,2.0,0.06236440710859277,0.7818181818181819,0.8909090909090911
32,5,10,rank,percent,Mira Sorvino,Mira Sorvino,0,0,False,3.5,0.06798639559090783,0.9555555555555554,0.9878787878787878
32,6,9,rank,percent,Mauricio Umansky,Mauricio Umansky,6,6,False,2.0,0.08509706882681828,0.6481812160876685,0.7661308776828737
32,7,8,rank,percent,Lele Pons,Lele Pons,4,4,False,1.5,0.042735890540497784,0.0,0.01227571540350591
32,8,7,rank,percent,Barry Williams,Barry Williams,0,0,False,3.0,0.10361739637984108,0.9258200997725516,0.9636241116594317
32,9,6,rank,percent,Harry Jowsey,Harry Jowsey,3,3,False,4.0,0.13081022507588735,0.6900655593423541,0.753702346348183
33,2,13,rank,percent,Tori Spelling,Tori Spelling,0,0,False,3.0,0.0496642088029941,0.8312389335458096,0.9256233470129666
33,3,11,rank,percent,Eric Roberts,Eric Roberts,0,0,False,3.5,0.06596501417445337,0.8545454545454545,0.9545454545454546
33,4,9,rank,percent,Brooks Nader,Brooks Nader,5,5,False,1.0,0.08350257520701715,0.5144957554275265,0.6218706970438532
33,5,8,rank,percent,Phaedra Parks,Phaedra Parks,5,5,False,3.5,0.08722967071120474,0.6910233190806425,0.8024095954818835
33,6,7,rank,percent,Jenn Tran,Jenn Tran,5,5,False,2.0,0.08586448595175147,0.10286889997472795,0.11118739749916519
33,7,6,rank,percent,Dwight Howard ,Dwight Howard ,1,1,False,5.0,0.10120489428064638,0.8944271909999159,0.9411239481143202
34,1,14,rank,percent,Andy Richter,Andy Richter,5,5,False,2.0,0.018914053654102106,0.8839913921757279,0.9724978382040327
34,2,14,rank,percent,Corey Feldman,Corey Feldman,0,0,False,3.0,0.04597927330532732,0.8364920117762018,0.938073759585758
34,3,12,rank,percent,Lauren Jauregui,Lauren Jauregui,6,6,False,6.5,0.060416410888032845,0.8616404368553291,0.9508830463894928
34,4,11,rank,percent,Hilaria Baldwin,Hilaria Baldwin,5,5,False,1.0,0.057744505534492646,0.36698792170878686,0.42824712472351295
34,5,10,rank,percent,Whitney Leavitt,Whitney Leavitt,8,8,False,2.0,0.04706740490987904,0.35805743701971643,0.4784085436185465
34,6,10,rank,percent,Scott Hoying,Scott Hoying,5,5,False,5.0,0.07353067823007568,0.7333333333333333,0.8787878787878788
34,7,9,rank,percent,Jen Affleck,Jen Affleck,6,6,False,2.0,0.0821216556269741,0.816982446237566,0.9288784237188525
34,8,8,rank,percent,Danielle Fishel,Danielle Fishel,0,0,False,3.0,0.08062204073852658,0.8571428571428571,0.9285714285714287
34,9,7,rank,percent,Andy Richter,Andy Richter,2,2,False,5.0,0.13408510746455846,0.9759000729485333,0.991031208965115
34,10,6,rank,percent,Whitney Leavitt,Whitney Leavitt,4,4,False,1.0,0.06665530574954073,0.0,0.08696565534786727
